-- MySQL dump 10.13  Distrib 5.6.24, for Win64 (x86_64)
--
-- Host: localhost    Database: dbocarrental
-- ------------------------------------------------------
-- Server version	5.6.27-log

/*!40101 SET @OLD_CHARACTER_SET_CLIENT=@@CHARACTER_SET_CLIENT */;
/*!40101 SET @OLD_CHARACTER_SET_RESULTS=@@CHARACTER_SET_RESULTS */;
/*!40101 SET @OLD_COLLATION_CONNECTION=@@COLLATION_CONNECTION */;
/*!40101 SET NAMES utf8 */;
/*!40103 SET @OLD_TIME_ZONE=@@TIME_ZONE */;
/*!40103 SET TIME_ZONE='+00:00' */;
/*!40014 SET @OLD_UNIQUE_CHECKS=@@UNIQUE_CHECKS, UNIQUE_CHECKS=0 */;
/*!40014 SET @OLD_FOREIGN_KEY_CHECKS=@@FOREIGN_KEY_CHECKS, FOREIGN_KEY_CHECKS=0 */;
/*!40101 SET @OLD_SQL_MODE=@@SQL_MODE, SQL_MODE='NO_AUTO_VALUE_ON_ZERO' */;
/*!40111 SET @OLD_SQL_NOTES=@@SQL_NOTES, SQL_NOTES=0 */;

--
-- Table structure for table `acl_class`
--

DROP TABLE IF EXISTS `acl_class`;
/*!40101 SET @saved_cs_client     = @@character_set_client */;
/*!40101 SET character_set_client = utf8 */;
CREATE TABLE `acl_class` (
  `id` bigint(20) unsigned NOT NULL AUTO_INCREMENT,
  `class` varchar(100) NOT NULL,
  PRIMARY KEY (`id`),
  UNIQUE KEY `uk_acl_class` (`class`)
) ENGINE=InnoDB AUTO_INCREMENT=2 DEFAULT CHARSET=utf8;
/*!40101 SET character_set_client = @saved_cs_client */;

--
-- Dumping data for table `acl_class`
--

LOCK TABLES `acl_class` WRITE;
/*!40000 ALTER TABLE `acl_class` DISABLE KEYS */;
INSERT INTO `acl_class` VALUES (1,'com.crms.entity.Car');
/*!40000 ALTER TABLE `acl_class` ENABLE KEYS */;
UNLOCK TABLES;

--
-- Table structure for table `acl_entry`
--

DROP TABLE IF EXISTS `acl_entry`;
/*!40101 SET @saved_cs_client     = @@character_set_client */;
/*!40101 SET character_set_client = utf8 */;
CREATE TABLE `acl_entry` (
  `id` bigint(20) unsigned NOT NULL AUTO_INCREMENT,
  `acl_object_identity` bigint(20) unsigned NOT NULL,
  `ace_order` int(11) NOT NULL,
  `sid` bigint(20) unsigned NOT NULL,
  `mask` int(10) unsigned NOT NULL,
  `granting` tinyint(1) NOT NULL,
  `audit_success` tinyint(1) NOT NULL,
  `audit_failure` tinyint(1) NOT NULL,
  PRIMARY KEY (`id`),
  UNIQUE KEY `unique_acl_entry` (`acl_object_identity`,`ace_order`),
  KEY `fk_acl_entry_acl` (`sid`),
  CONSTRAINT `fk_acl_entry_acl` FOREIGN KEY (`sid`) REFERENCES `acl_sid` (`id`),
  CONSTRAINT `fk_acl_entry_object` FOREIGN KEY (`acl_object_identity`) REFERENCES `acl_object_identity` (`id`)
) ENGINE=InnoDB AUTO_INCREMENT=3 DEFAULT CHARSET=utf8;
/*!40101 SET character_set_client = @saved_cs_client */;

--
-- Dumping data for table `acl_entry`
--

LOCK TABLES `acl_entry` WRITE;
/*!40000 ALTER TABLE `acl_entry` DISABLE KEYS */;
INSERT INTO `acl_entry` VALUES (1,1,1,1,1,1,1,1),(2,1,2,1,2,1,1,1);
/*!40000 ALTER TABLE `acl_entry` ENABLE KEYS */;
UNLOCK TABLES;

--
-- Table structure for table `acl_object_identity`
--

DROP TABLE IF EXISTS `acl_object_identity`;
/*!40101 SET @saved_cs_client     = @@character_set_client */;
/*!40101 SET character_set_client = utf8 */;
CREATE TABLE `acl_object_identity` (
  `id` bigint(20) unsigned NOT NULL AUTO_INCREMENT,
  `object_id_class` bigint(20) unsigned NOT NULL,
  `object_id_identity` bigint(20) NOT NULL,
  `parent_object` bigint(20) unsigned DEFAULT NULL,
  `owner_sid` bigint(20) unsigned DEFAULT NULL,
  `entries_inheriting` tinyint(1) NOT NULL,
  PRIMARY KEY (`id`),
  UNIQUE KEY `uk_acl_object_identity` (`object_id_class`,`object_id_identity`),
  KEY `fk_acl_object_identity_parent` (`parent_object`),
  KEY `fk_acl_object_identity_owner` (`owner_sid`),
  CONSTRAINT `fk_acl_object_identity_class` FOREIGN KEY (`object_id_class`) REFERENCES `acl_class` (`id`),
  CONSTRAINT `fk_acl_object_identity_owner` FOREIGN KEY (`owner_sid`) REFERENCES `acl_sid` (`id`),
  CONSTRAINT `fk_acl_object_identity_parent` FOREIGN KEY (`parent_object`) REFERENCES `acl_object_identity` (`id`)
) ENGINE=InnoDB AUTO_INCREMENT=2 DEFAULT CHARSET=utf8;
/*!40101 SET character_set_client = @saved_cs_client */;

--
-- Dumping data for table `acl_object_identity`
--

LOCK TABLES `acl_object_identity` WRITE;
/*!40000 ALTER TABLE `acl_object_identity` DISABLE KEYS */;
INSERT INTO `acl_object_identity` VALUES (1,1,31,NULL,1,0);
/*!40000 ALTER TABLE `acl_object_identity` ENABLE KEYS */;
UNLOCK TABLES;

--
-- Table structure for table `acl_sid`
--

DROP TABLE IF EXISTS `acl_sid`;
/*!40101 SET @saved_cs_client     = @@character_set_client */;
/*!40101 SET character_set_client = utf8 */;
CREATE TABLE `acl_sid` (
  `id` bigint(20) unsigned NOT NULL AUTO_INCREMENT,
  `principal` tinyint(1) NOT NULL,
  `sid` varchar(100) NOT NULL,
  PRIMARY KEY (`id`),
  UNIQUE KEY `unique_acl_sid` (`sid`,`principal`)
) ENGINE=InnoDB AUTO_INCREMENT=2 DEFAULT CHARSET=utf8;
/*!40101 SET character_set_client = @saved_cs_client */;

--
-- Dumping data for table `acl_sid`
--

LOCK TABLES `acl_sid` WRITE;
/*!40000 ALTER TABLE `acl_sid` DISABLE KEYS */;
INSERT INTO `acl_sid` VALUES (1,1,'admin');
/*!40000 ALTER TABLE `acl_sid` ENABLE KEYS */;
UNLOCK TABLES;

--
-- Table structure for table `group_authorities`
--

DROP TABLE IF EXISTS `group_authorities`;
/*!40101 SET @saved_cs_client     = @@character_set_client */;
/*!40101 SET character_set_client = utf8 */;
CREATE TABLE `group_authorities` (
  `group_id` bigint(20) unsigned NOT NULL,
  `authority` varchar(50) NOT NULL,
  KEY `group_id` (`group_id`),
  CONSTRAINT `group_authorities_ibfk_1` FOREIGN KEY (`group_id`) REFERENCES `groups` (`id`)
) ENGINE=InnoDB DEFAULT CHARSET=utf8;
/*!40101 SET character_set_client = @saved_cs_client */;

--
-- Dumping data for table `group_authorities`
--

LOCK TABLES `group_authorities` WRITE;
/*!40000 ALTER TABLE `group_authorities` DISABLE KEYS */;
INSERT INTO `group_authorities` VALUES (1,'ROLE_USER'),(1,'ROLE_ADMIN');
/*!40000 ALTER TABLE `group_authorities` ENABLE KEYS */;
UNLOCK TABLES;

--
-- Table structure for table `group_members`
--

DROP TABLE IF EXISTS `group_members`;
/*!40101 SET @saved_cs_client     = @@character_set_client */;
/*!40101 SET character_set_client = utf8 */;
CREATE TABLE `group_members` (
  `id` bigint(20) unsigned NOT NULL AUTO_INCREMENT,
  `username` varchar(50) NOT NULL,
  `group_id` bigint(20) unsigned NOT NULL,
  PRIMARY KEY (`id`),
  KEY `group_id` (`group_id`),
  CONSTRAINT `group_members_ibfk_1` FOREIGN KEY (`group_id`) REFERENCES `groups` (`id`)
) ENGINE=InnoDB AUTO_INCREMENT=2 DEFAULT CHARSET=utf8;
/*!40101 SET character_set_client = @saved_cs_client */;

--
-- Dumping data for table `group_members`
--

LOCK TABLES `group_members` WRITE;
/*!40000 ALTER TABLE `group_members` DISABLE KEYS */;
INSERT INTO `group_members` VALUES (1,'admin',1);
/*!40000 ALTER TABLE `group_members` ENABLE KEYS */;
UNLOCK TABLES;

--
-- Table structure for table `groups`
--

DROP TABLE IF EXISTS `groups`;
/*!40101 SET @saved_cs_client     = @@character_set_client */;
/*!40101 SET character_set_client = utf8 */;
CREATE TABLE `groups` (
  `id` bigint(20) unsigned NOT NULL AUTO_INCREMENT,
  `group_name` varchar(50) NOT NULL,
  PRIMARY KEY (`id`)
) ENGINE=InnoDB AUTO_INCREMENT=2 DEFAULT CHARSET=utf8;
/*!40101 SET character_set_client = @saved_cs_client */;

--
-- Dumping data for table `groups`
--

LOCK TABLES `groups` WRITE;
/*!40000 ALTER TABLE `groups` DISABLE KEYS */;
INSERT INTO `groups` VALUES (1,'Admins');
/*!40000 ALTER TABLE `groups` ENABLE KEYS */;
UNLOCK TABLES;

--
-- Table structure for table `tblcar`
--

DROP TABLE IF EXISTS `tblcar`;
/*!40101 SET @saved_cs_client     = @@character_set_client */;
/*!40101 SET character_set_client = utf8 */;
CREATE TABLE `tblcar` (
  `ID` int(11) NOT NULL AUTO_INCREMENT,
  `Regjistration_Number` varchar(30) DEFAULT NULL,
  `Color` varchar(30) DEFAULT NULL,
  `Date_of_Manufacturing` date DEFAULT NULL,
  `Base_Price_Per_Day` float DEFAULT NULL,
  `Car_type_ID` int(11) NOT NULL,
  `image` blob,
  `image_name` varchar(45) DEFAULT NULL,
  PRIMARY KEY (`ID`),
  KEY `fk_tblcar_tblcar_type1_idx` (`Car_type_ID`),
  CONSTRAINT `fk_tblcar_tblcar_type1` FOREIGN KEY (`Car_type_ID`) REFERENCES `tblcar_type` (`Car_type_ID`) ON DELETE NO ACTION ON UPDATE NO ACTION
) ENGINE=InnoDB AUTO_INCREMENT=53 DEFAULT CHARSET=latin1;
/*!40101 SET character_set_client = @saved_cs_client */;

--
-- Dumping data for table `tblcar`
--

LOCK TABLES `tblcar` WRITE;
/*!40000 ALTER TABLE `tblcar` DISABLE KEYS */;
INSERT INTO `tblcar` VALUES (30,'sadfasd','12312','2017-03-12',12312,175,NULL,''),(31,'01-431-al','light blue','2010-05-01',70,184,'\0JFIF\0\0\0\0\0\0C\0	\Z!\Z\"$\"$\0C\0\0>\"\0\0\0\0\0\0\0\0\0\0\0\0\0\0\0\0\0\0\0\0\0\0\0\0\0\0\0\0\0\0\0\0?nwugrwq$2\'\ZD9)E\Z(#@@9)E̷4ȹ:@t\'ru5\0#@J(((\n$d.u#moo5^gFr	]N*FwC\'C\'J(\n$VN\Zk8v-b[%\\&/^YRyHuC+gM3qvgoYKyr79onx̘\nNƴ%|Y_\\>Ek<^=8suS͒k=wWIjѭ4yֱ\"ΟrYCdN3Яc~I-SԧZ$ҟ\"w@]v\'OGߞ&wUtڋU=XֱtrVmҩ&Ǜ޳f0,t<i1jX뷼)/xz1mgN~-royum}B^.S]Tp,~_^tgEtv׿ᜇUùɕ<ڳx{CPcA9\\㟬l.0=~^b|=o/N0V+G<<l=qt{<|}U\r+{|;lg|vo\\{d99o.p:}9>`˳\ZW1BvR>}sMכF>ryO#/6Q?N՘g팽B9Z<o@d$1_-ՒE:f\"7!ˏY]W9޳Su]9 u3:\Z,yRStVd;Q\r͈5=9<r1GK.~Ju%OJVdQԈϱ\n6dKHFTM$U/I%)[U $Đ@!!$Ae$GAvt$-d\0*\0\0\0\0\0\0!\"1#B3@ 0p\0\0\0SL:婩(>^S/[,]x\ZxH^<\r`NL=j)1ObaU?#C ՖZϕ(CxÖ/;t7%0\0tgY.%q~%bаNeF_ 8j긭n/n?E޾mhe᷍2>XDȩ\"-ڶeHa-3[q\\,~{WlQW\0\'c[Q˷\"UQ~v,ݘ.6\"lQnGbl|x0>jt(J\rt-U.䬱˶5Z\\SEorѬȘpplƷi*c_b\0Kcb_ucai\re:qT~31e_X_\rq뾾cT$\0_$}YzP_pd[mx|ehEmRӏ	ۏJ<|tq#Q<q%?M4^<2||v[ls9N[*Dۚ|u&RAc8d!lT0szwsr9gY;KVk\\F`\'n7rE`hv3hZS\'	-{K|XXA:4dtd^)]VOO\\cL2rQeVzYs36qX\\Jh\n-6,Z|]&Íl8kn[Ӄ\\Xr8¦C[EaJlɒ\0}Xg<n2>2ύ|vH+;䰩YMBVӎW#fGh^C6E]Ukhr\'eU)<9|!>oZs0oƻϏ;Ӵ-	3:éݩ/9;8$Af#Fr͸jJ7Ay)_vPk_Gjerx++ݞAUv9M-\'a;2zoyΓ\\ТSchۺn_U..3a[]p֦TRN8*ڻ5\"ůEЛa2\r]ogJ.z=K\'dmֶ#%vr1rNn}ZʅݓO(ߥ\\lǉ&dm&.kS![)U-7c:;f:]\0䂹yfdO~ܮ!w[mB^>=vRSǮYoyV.mՍ=LTv)ɢz22rڬfӣ/=خ2\'\'ETXZZyL[Sܷt2\nOigTȽ\ZO\ZE1qc8\ZD*gJ7q\0Y;=ըRy^5>%M_:66Й͙5\'#d.!1p\\Ti:]Eٯ-<kz(-2a*F~kڡ}\\<\n!\nxx<+(ʸcW@cZfI/4\0UT	ӣR	X4nZHñhpX;]1 ê5* 3]!bx;wX@gEX7rU6e?l:Vc٭El+4\Z[MK?\0yY\\P!Q5Fs,5OLok?uk?O\\kHPZZtMn,N\Z\'\0.\0\0\0\0\0\0\0\0!1\"AQ02@B #q\0?+*+QEW-cmEQQ\\袊(]KO1݇@݁RE>T/7].P<$dɭZUDDg(&Ó5*(<\"[\'9g,3w/s\Z?!+ΚD:*7\"jD2źLkدe_R^7au<J|;|4z\n8G\'dR?x|sAQ/Q<k3{>YoܥR4Da4`DUZ+щT٭<O\r$aoԢKC_G\0tGI\n(ڿCJ4GQK,qtlc]h\\4Tr5_ȲFQfb/\0/\0\0\0\0\0\0\0\01!AQ2\"0@a #BR\0?_lYeY},7~E,sdL,YeYeYeWKД6r{A#gkc(Ř#8C)F,z#!S#,q,zyP}>穇>/S1&\r\\X![lۑ<32cȒҍ.S7\"\Z-_6I&,cR/O,K~\r9>\n9F,r^Mq6ѵ`L\n0Ƣp[53RHvJΧ#GK7tՙ]͚\Zw(\0u1~,hXޥiН,m6<z/\rrYCg.,UYK|%tQh4\ZMWȣ\0B\0\0\0\0\0\0!1\"2AQq3a#Br4Rb $0@CPps\0\0?\0Fw\0EUqF#h**0CYeɡKQX`wJicۭUVZ\nGkܹۚ)ޮUXW#Aw\\1<h/V<]>vR\rs~Za\Zn.d{ٷZVQVp*Vp+zȐwUvwmՐ7[%\0Ot㒆ti{NuZsq2kږST\'\0*h4\'Zw*])hu[MUxJtZTV33)\rփ|C%U\"4*z*=<-CY]!raD\"#Nw)}re-ip\nYWW39{]	2T6ȓrwflJI{R]\'[-[\rR]bv`Bd}ʽtFFsi袍iqw!\n#r%F#apvӷh;\"BV\'9)9^aP.?nSRVG`\']ܲBwܭqo얉{5f9#Nq5H~g\n0\n*÷kyJ)@PC	[/J{E:(M\\5KmuI$5_N2r⻺zUVʁޑ֑ΓΑ+uEUޡIVK	NDpxg0U.2\ZN^\Z}Jgy;<;\rNއ&R}86CclaCJ41O#VV\nr^\0+ʟUgT;I}TwO0\Zm-{Ӎꭢ0$1ŒJ3;r{DIi{ƨQĀFCz4 ]9T`;\0޻M]!迵\Z^5 z4҂<P+pjVު>2+axE\0%j2qb8եM.A@HɌ\rp蛭G^Y@v$xz(/o4]N|1-{Vx )L@*d#V!މ_|ߝWG_vY`M?h3\0MZ+G6yTG_jE+QTCKW|Y2u^Uށ{EՐZ}{/\Z>mWs	1pr.z7:5`N+Ym\'{r.j*m|!Pppj8汊e\Z->uz^:*ΐۤNmV@h:FȩlJuGffU:͈{Cw7{ˏ,ٶ: aam?x~Y{$86rLѩ8w>^H׈X<#be1lV\">;!kWpIPtzU-%l?	A<UÀ^ձOWK)UZRL,wL0V}ă)21vD$$L۫*1DѤ$?SZ]W;뼑Z5]2YϤ7aYp`\0+TjaX<׻fޫwU[*-y\0O%Ti~nkLsL͐oSfܭAjT\0*/sNeFS7uRl`xpda4\\89UWs\n1:,Bl(AVf>UZ\neވ,pl\ZYf\'-4]8#r潝lgG@)7VhiO7wyuZÇ5WHqb׎at+4-ZQK\Z7w[xjik!,~cgk<6SB\rˉGRd+DCrUm\Z_gBZX{/]Ƿ%tgd#SH7m1D69NU>AKKy8]cVj굪5盬s\'SjKdٙTuPʀaUJ}_HvuR7I	;jؤ̸T*>g\04[\\][l^J/uRO5Ǹpc!Zh}Vdd:,K%˲bҮ;F.RCVsQo!\0^Ǵbud)|@J>K7O=5 cUˏ\nkO!T1osPJ\01k՞jz¯%\"\0Q2|e2P8G\"{1*3\Z Kl5xWHz-R\'EaB\'\\JvMCʁaQNhe9|S\nY%!;(2\\@\0)\0\0\0\0\0\0!1QAaq0 @\0\0?!ԩRJ*TR*TR_J*T_ZRJ}*TRJ*TJ*TRJJ*TR*TRJ*TR}+RR}*TRJ*TR}*TRJR:$Kb]%*TRҥJ*T\0\\R*[xf<=x0Mu^^|\0ixы.xc\\ .D^[RJ+\0Q^A\"j\\WF\ZAW6}+䫂R\\JTHc>bch-7yΩfL\0ۆjv:گ_m/-/-*Wҿ(MByVHs*MikWSR&g\r`>췈i^agJzRkJsJY\r9{\nYFQ3EPZ^%URC|MfkX3	2-p/9\\f;ZPu5:)ٟ͢Z@p@mi\n0eBv%eg\'!EYԠ:A-X6#&dku~%G_bJ~*i˹\\FK=igd>[2uX}1*W4dYE~VEA38 6)s̫j(޺ʖQ>_e\\^^$N\n/[Zvm[ݢC.QMb#\"G,MuvA&!rsbwy=Gc4yZU3yqنEjkD^ޱQoQɇxbYWRx%򈲣uK+,^z}4Z)q8!DЯe|X(1g򙟨X[KTBe\0mbRJ揝{^&&*57վaf:u`~w\nnnWayS7QRƸ \nR:ယeFDfŮ*0ͿȃxNJshBA6cgQ#;E׷лmZfe` XBK+(0|0e̳	3Bh^#\0%KU]TAk*)Gy{,Ԁs.Pz,:Y_\'Zn{};2w\0a؎/)>w\"eY5\\IIf\rYt+aDxOFKVBu#[{ j#Tm\0 4(\'A9eߖ2D<k=Bu\r3A׌%=U]y̍u-K\'-1\' 	G`;<;&~\na?/WcEݟSD݋E)^r6wPV{MGzPu-{Cg733ut+iBګa\0e=]`B$q(zy>H:UbIcQʳySGho\ni+u8ÕCC,b^oΑDd{@PIBc)k\0|Ks:q_yV=>\0>d35FX)p\0XajF¸:	ޘKyT\Z1\Z([u[OUl^:MhK؋Myԩc8 !o(ťxx)~\"_:#J\'Ap#?0iYcIvG%ft\\*1TvBE0. (t=}<>ze<DL00e	K<wak+*Eq/uBveظG?J)ҾA\Zc\0-yL\0r5\ZL홥l.nW;$OC  t|d\n߶c@%L8ًl-\\̗=U**	\'&Q4!9\0B6gɦQ6ӑs+z8PoP8j2Ww[c\ZfضlbYN40oS_k,LFf`S#~#nC<[cXg/E=<j1\Z虫9=NR!ŕ>q=&mSt\\P,^O!\0	~4	.}%ݣb&G+Гqb(\0̨̙/\0TW	樌YPPSfoB^OS#rmP(+ʪ	0i)FZ	pG1nohP_g\"bј*eq\nCמ򷦵G,zgqwpNwQ=`{;a:!]Rz:[^\'IՃa5x}E⭧xQk\0/+D$su)Gc%.{C$Q\r\"6:X>g%дȇz/ V\Z[f^%~%F7	QU2\rг1_x\0 ʙ+F~=xW0,$~eu,]\"f\n~s3Yb\r\rt_eςh=t}OQ0$\'@]_K:jN]At^Af=\nyȰCiguiO\nߏ2Ǚ}C?Dx1P2W(^b\0\']XXh[2R=%]?1^ck}79q?ixѕ|Ǿn\rM,B*B/wDpCG:}SA(J\'ARxA7JL!Z ;%X(7JH֒)+8޳3܇wb}ݑ7FN\'{ \Z[9˚\Z!,9G,@NEGܺV,pQGqi\0P)yܺ2Q3`ZzP-`nb6|c3sX(M:U.rq4oq&[U+ņ5un\r׈m&:bYb)4(ec\0\0\0\0\0\0BS\n<QIbݨGH3TOec\r\09nɹd7n,-oF\"vP.ϖ뾿SC	,}6L\Zllx^Fnlg}Gy^/6ڣDd-K~ʮe!uOmkn86t%pp\' t0	ǃ^\0\'\0\0\0\0\0\0\0\0\0\0!1AQaq 0\0?!OB!	kMR@:5!?bh9ra Yix$u\r~ƹuhxܨT&XOQ@a?Ay1Q_q6!}k\"n!w͂z0{)GE|I`}=x/Oo5&	PkٿT_\0)\"rV\nPm.]nAnHȈ#uUD{\r4,Nҍ(0ײ6k7N;)w=xԉr\0E)~(0MHI\0c$Nr!s/N=W`i6о,z`xvmƆS=6%ؓcu<%P1*RTcgaCqYz	p<dy*-1L*OYE龴\n- BV!m:3\0(\0\0\0\0\0\0\0\0\0!1AQaq0 \0?JR)JR/\0Fa<d\0+cq&d7fvނJ9\\KSKi1\Z(ŜLF45JFey,*K,QG7e(qh1h6QRs7\\o:SE-sO\'ąUk-:~<̜4װ3>#.`i+l;-_Y蟣^o-ՆVe~H__in簚e{~zN+Z[AB^n	%{\Z\'JF݃ZGv!)lKoW>/r/GeH5b=ϸ6\rx<+Gq<oa:41W~\0Pv9	+]Lm#(JTԄ7&y\rL`Xm[qHjZp4\'	*Ѓ4̆C7\0-F=P6\0(\0\0\0\0\0\0!1AQaq 0\0\0? \0AA	^%RJ\0%#A @=!eOO𤤤Q\0\0<!@B ?\'*TR@I !I\'$ DTD*b9=\"R_(Q&)JCPJBuO=_Je*TRRRJ`\ZoT-|*\\\0dDW	\nS\\=f<(<-(\n%#DXImO``,jKOUէ%¿b쾄dpZ#(/ԿR*TRJ*TR#(vA0din)=()\n[{TO-=)64uRҌ]K)]ǛXOE>_=V(\rj(c;U98&[=;U0J 6W\ne\r}e0Vr9uAiDTY+JGVf_HO%Yq\r}%6\ZΩazzcԷR*T#ЕU\0\\m1(Cv5ڑYU^ Y/b4p{I9&\"E͸=CɞrdZnm2芍k	X` c>\r5eJ)Ԏq-eVevb7l4gܢB6aAkPQ#1\ZuLxqa93\r<)Izf1G2\'D~)(3&vM\"jhP\0)\0߇B [-q\\F|0SmknGq2[hy\n|`E;ESȷlY?pidGv!i<?eZ,Y҅\\&)cξ\\\Zhƨ0U<ȸ*~M6yw@TԯC$K)(f\Z|X+N90ZuaIB^ԗ+\'\nԽf~Ěu2\0O4F]痴t֒ @d\0uyajrUtp@MԜ!M\nC	\na۟,({wE\Z|EFz{\\\0ao =Cx625dU{픢}Fli0\0w_R!:#⨱}	FO_\\*my\0##hh̺epx\08GeX|L7\nE.{ˠ:U)2^__7Y鷓>J\"}̮-zV{5|>F7!kl	\0!֥dSƆM\0H]83/|5f\r;,iZ.aWn>yCp8B\\\rP}x?rܯ\"USܲ1VKMx[I{EV0c$DΠo8\\̸ASPvMMޡZQ8	yyzD\\%ckN\"ms_0]U~i02^0d+ʹ{/hdvK)؞F6/Gп\nf^Q;Z|1j.,׀?:\"Tt4f%\"rZ00J8ROR!fqG/\rX]g(F̳IWIO\r.K~j$̬|7@~-\r<~b	!m3̠q#e_1_ \"ZU]m&\'H\\YS]VT\0AN\0mNw8t?%7D\rӓٲZ)J^N7%+~LAP~%ګO[kRaUcg4ƇuڊM4\'P8*rdFmn2Qd=6P18F0%Φ++D0,pZhbzbRPu{)֥Q&J9.Uݣn8$q#8Ɣ@AeZdWǋh/\ZD-Uy\rK%9S4G@WkD۪,3[0MK<$E.T@A@Rp!H#9<dՀ<<ctQ7h\"j m͜` v_ SHA6Kq\Z$z\nOL ;x<;!`\Z%ă940}\"\ZH\"O1]?~`\0 |\0]o,-t\r5Kž}+@Q%h^\\y农l2\0R@PCوT!{.ʻB?9c\'b48s,hsXW%4T\\[8\0`t4W[tڏF~Z1=##P`+8:DCaCvֆ)k2/|G\06{157iO勳DMGl 84 @\0#l6?2Ǵgѓ)B0ހ,UQ?#\0#6AvZj	(s8\ZhW\Zd6/4nMhQhbaeFiza0\0?2Ge\0()\0^ݞNN^سF|$vӭ	uL5z	n49\0\"K?ҟ[!F\0$ 1+Qh%XSL/lINhoD%M-_i<0}T*Cdej`r+[B-AI8&*\"hx<sV}\r8b*%z/ R5g64w.AerRQj[˗*y-tpb8EPEdpJS[8\r^[f/s\r\\l\\l ДxYjz\Z\0%R9n\\\\k\n>@FbUu(y+pW`05\0~?^7Ae.&;py~P|o\"C\\>F4+}JR_>f:f\0O@(R5WY.4[s nQ\'S )1hDUJoŵk юUQAΡe:uEvNMi;qPv]eQG>b)B=51ڠ(2s]9j۴ &@j;.ְi\ZImW\0Uh%cK7gIܔH%@D]߫4>Y2@[o`x3\0hd{pp<K,(4(G~*|\',-ȏŇ4#UrK>0A;8uɌ\0Xp%Rx{MU񄧎!bx[xj\rIuHZ(Êԩ7aKF:Vyc:?r{\ZUk~al \\0}bs`}@\nk74m%ޯQӍv^9@cƵƢ؉k\r|@\071eqsgesĢXe艭\0P?MGgc=-4~?3@(B	=9ffېWb-6̭=RK\0;URV__\0v,tB},:VVx|@*\n˻ႅKMY.\0eІ}wQ폗+aW.(pp馡1-\ZnXͪC<zn#e]oyrWw\nU%2_FoC?c	\"cwrʎE)6 .x8$sgE\ZUX`R_1ўa(\\2@.L[jW\Z׏o8\'uYV6P:ː=!F7wmambfMq[V0;|-%d;;{p-k](ǣVS\0:JW`U±C7d?J0\nyZ_\\ [	V#.]b9ÞJ*<a*_<\0V/?fb2ח`/u=&vh\n\0%zSw[5-bFQ\n}D^\0qO&iq]Jasء	kW-c%`ՇSKα3918X\"_j;AXcMڲVN	vZn|~ͫVf+lj,V&f`g,x<sdaST{pFu*M8lOxrLPۼYz.ZaHE-v۟wr\0GaFp)1(x(CN97ʾqځ\\|m*\\cL|z.\"LE2TԭiywM\\ЉR{+fQWpJUjRCv9ώFe޶\\{S\"7\0տG	k3ݝ|]nH:dpQkIǛygt7K>Hx\\zDѹVٺJ1%JWeֻQ80AQ-6Պ֡VՖp\ZHcY3]6\\5J\\\"XW7\0\'2H\0a} P7\08qFn Qkoҧ(B_(VjwP08l89i2z\09ll]zJKhuUa3Ti<A\0&X4Ҷ̚7ODcdK[w_yheIV*aYR]y)UfX6\0ZG6~Л	`V\\<*}C4Oj+8*,飐Jmy̠s]\Z+mPe~Y','2015-m3-9_318.jpg'),(32,'01-872-KM','Blue','2009-01-12',56,176,'\0JFIF\0\0\0\0\0\0C\0	\Z!\Z\"$\"$\0C\0\0>\"\0\0\0\0\0\0\0\0\0\0\0\0\0\0\0\0\0\0\0\0\0\0\0\0\0\0\0\0\0\0\0\0?nwugrwq$2\'\ZD9)E\Z(#@@9)E̷4ȹ:@t\'ru5\0#@J(((\n$d.u#moo5^gFr	]N*FwC\'C\'J(\n$VN\Zk8v-b[%\\&/^YRyHuC+gM3qvgoYKyr79onx̘\nNƴ%|Y_\\>Ek<^=8suS͒k=wWIjѭ4yֱ\"ΟrYCdN3Яc~I-SԧZ$ҟ\"w@]v\'OGߞ&wUtڋU=XֱtrVmҩ&Ǜ޳f0,t<i1jX뷼)/xz1mgN~-royum}B^.S]Tp,~_^tgEtv׿ᜇUùɕ<ڳx{CPcA9\\㟬l.0=~^b|=o/N0V+G<<l=qt{<|}U\r+{|;lg|vo\\{d99o.p:}9>`˳\ZW1BvR>}sMכF>ryO#/6Q?N՘g팽B9Z<o@d$1_-ՒE:f\"7!ˏY]W9޳Su]9 u3:\Z,yRStVd;Q\r͈5=9<r1GK.~Ju%OJVdQԈϱ\n6dKHFTM$U/I%)[U $Đ@!!$Ae$GAvt$-d\0*\0\0\0\0\0\0!\"1#B3@ 0p\0\0\0SL:婩(>^S/[,]x\ZxH^<\r`NL=j)1ObaU?#C ՖZϕ(CxÖ/;t7%0\0tgY.%q~%bаNeF_ 8j긭n/n?E޾mhe᷍2>XDȩ\"-ڶeHa-3[q\\,~{WlQW\0\'c[Q˷\"UQ~v,ݘ.6\"lQnGbl|x0>jt(J\rt-U.䬱˶5Z\\SEorѬȘpplƷi*c_b\0Kcb_ucai\re:qT~31e_X_\rq뾾cT$\0_$}YzP_pd[mx|ehEmRӏ	ۏJ<|tq#Q<q%?M4^<2||v[ls9N[*Dۚ|u&RAc8d!lT0szwsr9gY;KVk\\F`\'n7rE`hv3hZS\'	-{K|XXA:4dtd^)]VOO\\cL2rQeVzYs36qX\\Jh\n-6,Z|]&Íl8kn[Ӄ\\Xr8¦C[EaJlɒ\0}Xg<n2>2ύ|vH+;䰩YMBVӎW#fGh^C6E]Ukhr\'eU)<9|!>oZs0oƻϏ;Ӵ-	3:éݩ/9;8$Af#Fr͸jJ7Ay)_vPk_Gjerx++ݞAUv9M-\'a;2zoyΓ\\ТSchۺn_U..3a[]p֦TRN8*ڻ5\"ůEЛa2\r]ogJ.z=K\'dmֶ#%vr1rNn}ZʅݓO(ߥ\\lǉ&dm&.kS![)U-7c:;f:]\0䂹yfdO~ܮ!w[mB^>=vRSǮYoyV.mՍ=LTv)ɢz22rڬfӣ/=خ2\'\'ETXZZyL[Sܷt2\nOigTȽ\ZO\ZE1qc8\ZD*gJ7q\0Y;=ըRy^5>%M_:66Й͙5\'#d.!1p\\Ti:]Eٯ-<kz(-2a*F~kڡ}\\<\n!\nxx<+(ʸcW@cZfI/4\0UT	ӣR	X4nZHñhpX;]1 ê5* 3]!bx;wX@gEX7rU6e?l:Vc٭El+4\Z[MK?\0yY\\P!Q5Fs,5OLok?uk?O\\kHPZZtMn,N\Z\'\0.\0\0\0\0\0\0\0\0!1\"AQ02@B #q\0?+*+QEW-cmEQQ\\袊(]KO1݇@݁RE>T/7].P<$dɭZUDDg(&Ó5*(<\"[\'9g,3w/s\Z?!+ΚD:*7\"jD2źLkدe_R^7au<J|;|4z\n8G\'dR?x|sAQ/Q<k3{>YoܥR4Da4`DUZ+щT٭<O\r$aoԢKC_G\0tGI\n(ڿCJ4GQK,qtlc]h\\4Tr5_ȲFQfb/\0/\0\0\0\0\0\0\0\01!AQ2\"0@a #BR\0?_lYeY},7~E,sdL,YeYeYeWKД6r{A#gkc(Ř#8C)F,z#!S#,q,zyP}>穇>/S1&\r\\X![lۑ<32cȒҍ.S7\"\Z-_6I&,cR/O,K~\r9>\n9F,r^Mq6ѵ`L\n0Ƣp[53RHvJΧ#GK7tՙ]͚\Zw(\0u1~,hXޥiН,m6<z/\rrYCg.,UYK|%tQh4\ZMWȣ\0B\0\0\0\0\0\0!1\"2AQq3a#Br4Rb $0@CPps\0\0?\0Fw\0EUqF#h**0CYeɡKQX`wJicۭUVZ\nGkܹۚ)ޮUXW#Aw\\1<h/V<]>vR\rs~Za\Zn.d{ٷZVQVp*Vp+zȐwUvwmՐ7[%\0Ot㒆ti{NuZsq2kږST\'\0*h4\'Zw*])hu[MUxJtZTV33)\rփ|C%U\"4*z*=<-CY]!raD\"#Nw)}re-ip\nYWW39{]	2T6ȓrwflJI{R]\'[-[\rR]bv`Bd}ʽtFFsi袍iqw!\n#r%F#apvӷh;\"BV\'9)9^aP.?nSRVG`\']ܲBwܭqo얉{5f9#Nq5H~g\n0\n*÷kyJ)@PC	[/J{E:(M\\5KmuI$5_N2r⻺zUVʁޑ֑ΓΑ+uEUޡIVK	NDpxg0U.2\ZN^\Z}Jgy;<;\rNއ&R}86CclaCJ41O#VV\nr^\0+ʟUgT;I}TwO0\Zm-{Ӎꭢ0$1ŒJ3;r{DIi{ƨQĀFCz4 ]9T`;\0޻M]!迵\Z^5 z4҂<P+pjVު>2+axE\0%j2qb8եM.A@HɌ\rp蛭G^Y@v$xz(/o4]N|1-{Vx )L@*d#V!މ_|ߝWG_vY`M?h3\0MZ+G6yTG_jE+QTCKW|Y2u^Uށ{EՐZ}{/\Z>mWs	1pr.z7:5`N+Ym\'{r.j*m|!Pppj8汊e\Z->uz^:*ΐۤNmV@h:FȩlJuGffU:͈{Cw7{ˏ,ٶ: aam?x~Y{$86rLѩ8w>^H׈X<#be1lV\">;!kWpIPtzU-%l?	A<UÀ^ձOWK)UZRL,wL0V}ă)21vD$$L۫*1DѤ$?SZ]W;뼑Z5]2YϤ7aYp`\0+TjaX<׻fޫwU[*-y\0O%Ti~nkLsL͐oSfܭAjT\0*/sNeFS7uRl`xpda4\\89UWs\n1:,Bl(AVf>UZ\neވ,pl\ZYf\'-4]8#r潝lgG@)7VhiO7wyuZÇ5WHqb׎at+4-ZQK\Z7w[xjik!,~cgk<6SB\rˉGRd+DCrUm\Z_gBZX{/]Ƿ%tgd#SH7m1D69NU>AKKy8]cVj굪5盬s\'SjKdٙTuPʀaUJ}_HvuR7I	;jؤ̸T*>g\04[\\][l^J/uRO5Ǹpc!Zh}Vdd:,K%˲bҮ;F.RCVsQo!\0^Ǵbud)|@J>K7O=5 cUˏ\nkO!T1osPJ\01k՞jz¯%\"\0Q2|e2P8G\"{1*3\Z Kl5xWHz-R\'EaB\'\\JvMCʁaQNhe9|S\nY%!;(2\\@\0)\0\0\0\0\0\0!1QAaq0 @\0\0?!ԩRJ*TR*TR_J*T_ZRJ}*TRJ*TJ*TRJJ*TR*TRJ*TR}+RR}*TRJ*TR}*TRJR:$Kb]%*TRҥJ*T\0\\R*[xf<=x0Mu^^|\0ixы.xc\\ .D^[RJ+\0Q^A\"j\\WF\ZAW6}+䫂R\\JTHc>bch-7yΩfL\0ۆjv:گ_m/-/-*Wҿ(MByVHs*MikWSR&g\r`>췈i^agJzRkJsJY\r9{\nYFQ3EPZ^%URC|MfkX3	2-p/9\\f;ZPu5:)ٟ͢Z@p@mi\n0eBv%eg\'!EYԠ:A-X6#&dku~%G_bJ~*i˹\\FK=igd>[2uX}1*W4dYE~VEA38 6)s̫j(޺ʖQ>_e\\^^$N\n/[Zvm[ݢC.QMb#\"G,MuvA&!rsbwy=Gc4yZU3yqنEjkD^ޱQoQɇxbYWRx%򈲣uK+,^z}4Z)q8!DЯe|X(1g򙟨X[KTBe\0mbRJ揝{^&&*57վaf:u`~w\nnnWayS7QRƸ \nR:ယeFDfŮ*0ͿȃxNJshBA6cgQ#;E׷лmZfe` XBK+(0|0e̳	3Bh^#\0%KU]TAk*)Gy{,Ԁs.Pz,:Y_\'Zn{};2w\0a؎/)>w\"eY5\\IIf\rYt+aDxOFKVBu#[{ j#Tm\0 4(\'A9eߖ2D<k=Bu\r3A׌%=U]y̍u-K\'-1\' 	G`;<;&~\na?/WcEݟSD݋E)^r6wPV{MGzPu-{Cg733ut+iBګa\0e=]`B$q(zy>H:UbIcQʳySGho\ni+u8ÕCC,b^oΑDd{@PIBc)k\0|Ks:q_yV=>\0>d35FX)p\0XajF¸:	ޘKyT\Z1\Z([u[OUl^:MhK؋Myԩc8 !o(ťxx)~\"_:#J\'Ap#?0iYcIvG%ft\\*1TvBE0. (t=}<>ze<DL00e	K<wak+*Eq/uBveظG?J)ҾA\Zc\0-yL\0r5\ZL홥l.nW;$OC  t|d\n߶c@%L8ًl-\\̗=U**	\'&Q4!9\0B6gɦQ6ӑs+z8PoP8j2Ww[c\ZfضlbYN40oS_k,LFf`S#~#nC<[cXg/E=<j1\Z虫9=NR!ŕ>q=&mSt\\P,^O!\0	~4	.}%ݣb&G+Гqb(\0̨̙/\0TW	樌YPPSfoB^OS#rmP(+ʪ	0i)FZ	pG1nohP_g\"bј*eq\nCמ򷦵G,zgqwpNwQ=`{;a:!]Rz:[^\'IՃa5x}E⭧xQk\0/+D$su)Gc%.{C$Q\r\"6:X>g%дȇz/ V\Z[f^%~%F7	QU2\rг1_x\0 ʙ+F~=xW0,$~eu,]\"f\n~s3Yb\r\rt_eςh=t}OQ0$\'@]_K:jN]At^Af=\nyȰCiguiO\nߏ2Ǚ}C?Dx1P2W(^b\0\']XXh[2R=%]?1^ck}79q?ixѕ|Ǿn\rM,B*B/wDpCG:}SA(J\'ARxA7JL!Z ;%X(7JH֒)+8޳3܇wb}ݑ7FN\'{ \Z[9˚\Z!,9G,@NEGܺV,pQGqi\0P)yܺ2Q3`ZzP-`nb6|c3sX(M:U.rq4oq&[U+ņ5un\r׈m&:bYb)4(ec\0\0\0\0\0\0BS\n<QIbݨGH3TOec\r\09nɹd7n,-oF\"vP.ϖ뾿SC	,}6L\Zllx^Fnlg}Gy^/6ڣDd-K~ʮe!uOmkn86t%pp\' t0	ǃ^\0\'\0\0\0\0\0\0\0\0\0\0!1AQaq 0\0?!OB!	kMR@:5!?bh9ra Yix$u\r~ƹuhxܨT&XOQ@a?Ay1Q_q6!}k\"n!w͂z0{)GE|I`}=x/Oo5&	PkٿT_\0)\"rV\nPm.]nAnHȈ#uUD{\r4,Nҍ(0ײ6k7N;)w=xԉr\0E)~(0MHI\0c$Nr!s/N=W`i6о,z`xvmƆS=6%ؓcu<%P1*RTcgaCqYz	p<dy*-1L*OYE龴\n- BV!m:3\0(\0\0\0\0\0\0\0\0\0!1AQaq0 \0?JR)JR/\0Fa<d\0+cq&d7fvނJ9\\KSKi1\Z(ŜLF45JFey,*K,QG7e(qh1h6QRs7\\o:SE-sO\'ąUk-:~<̜4װ3>#.`i+l;-_Y蟣^o-ՆVe~H__in簚e{~zN+Z[AB^n	%{\Z\'JF݃ZGv!)lKoW>/r/GeH5b=ϸ6\rx<+Gq<oa:41W~\0Pv9	+]Lm#(JTԄ7&y\rL`Xm[qHjZp4\'	*Ѓ4̆C7\0-F=P6\0(\0\0\0\0\0\0!1AQaq 0\0\0? \0AA	^%RJ\0%#A @=!eOO𤤤Q\0\0<!@B ?\'*TR@I !I\'$ DTD*b9=\"R_(Q&)JCPJBuO=_Je*TRRRJ`\ZoT-|*\\\0dDW	\nS\\=f<(<-(\n%#DXImO``,jKOUէ%¿b쾄dpZ#(/ԿR*TRJ*TR#(vA0din)=()\n[{TO-=)64uRҌ]K)]ǛXOE>_=V(\rj(c;U98&[=;U0J 6W\ne\r}e0Vr9uAiDTY+JGVf_HO%Yq\r}%6\ZΩazzcԷR*T#ЕU\0\\m1(Cv5ڑYU^ Y/b4p{I9&\"E͸=CɞrdZnm2芍k	X` c>\r5eJ)Ԏq-eVevb7l4gܢB6aAkPQ#1\ZuLxqa93\r<)Izf1G2\'D~)(3&vM\"jhP\0)\0߇B [-q\\F|0SmknGq2[hy\n|`E;ESȷlY?pidGv!i<?eZ,Y҅\\&)cξ\\\Zhƨ0U<ȸ*~M6yw@TԯC$K)(f\Z|X+N90ZuaIB^ԗ+\'\nԽf~Ěu2\0O4F]痴t֒ @d\0uyajrUtp@MԜ!M\nC	\na۟,({wE\Z|EFz{\\\0ao =Cx625dU{픢}Fli0\0w_R!:#⨱}	FO_\\*my\0##hh̺epx\08GeX|L7\nE.{ˠ:U)2^__7Y鷓>J\"}̮-zV{5|>F7!kl	\0!֥dSƆM\0H]83/|5f\r;,iZ.aWn>yCp8B\\\rP}x?rܯ\"USܲ1VKMx[I{EV0c$DΠo8\\̸ASPvMMޡZQ8	yyzD\\%ckN\"ms_0]U~i02^0d+ʹ{/hdvK)؞F6/Gп\nf^Q;Z|1j.,׀?:\"Tt4f%\"rZ00J8ROR!fqG/\rX]g(F̳IWIO\r.K~j$̬|7@~-\r<~b	!m3̠q#e_1_ \"ZU]m&\'H\\YS]VT\0AN\0mNw8t?%7D\rӓٲZ)J^N7%+~LAP~%ګO[kRaUcg4ƇuڊM4\'P8*rdFmn2Qd=6P18F0%Φ++D0,pZhbzbRPu{)֥Q&J9.Uݣn8$q#8Ɣ@AeZdWǋh/\ZD-Uy\rK%9S4G@WkD۪,3[0MK<$E.T@A@Rp!H#9<dՀ<<ctQ7h\"j m͜` v_ SHA6Kq\Z$z\nOL ;x<;!`\Z%ă940}\"\ZH\"O1]?~`\0 |\0]o,-t\r5Kž}+@Q%h^\\y农l2\0R@PCوT!{.ʻB?9c\'b48s,hsXW%4T\\[8\0`t4W[tڏF~Z1=##P`+8:DCaCvֆ)k2/|G\06{157iO勳DMGl 84 @\0#l6?2Ǵgѓ)B0ހ,UQ?#\0#6AvZj	(s8\ZhW\Zd6/4nMhQhbaeFiza0\0?2Ge\0()\0^ݞNN^سF|$vӭ	uL5z	n49\0\"K?ҟ[!F\0$ 1+Qh%XSL/lINhoD%M-_i<0}T*Cdej`r+[B-AI8&*\"hx<sV}\r8b*%z/ R5g64w.AerRQj[˗*y-tpb8EPEdpJS[8\r^[f/s\r\\l\\l ДxYjz\Z\0%R9n\\\\k\n>@FbUu(y+pW`05\0~?^7Ae.&;py~P|o\"C\\>F4+}JR_>f:f\0O@(R5WY.4[s nQ\'S )1hDUJoŵk юUQAΡe:uEvNMi;qPv]eQG>b)B=51ڠ(2s]9j۴ &@j;.ְi\ZImW\0Uh%cK7gIܔH%@D]߫4>Y2@[o`x3\0hd{pp<K,(4(G~*|\',-ȏŇ4#UrK>0A;8uɌ\0Xp%Rx{MU񄧎!bx[xj\rIuHZ(Êԩ7aKF:Vyc:?r{\ZUk~al \\0}bs`}@\nk74m%ޯQӍv^9@cƵƢ؉k\r|@\071eqsgesĢXe艭\0P?MGgc=-4~?3@(B	=9ffېWb-6̭=RK\0;URV__\0v,tB},:VVx|@*\n˻ႅKMY.\0eІ}wQ폗+aW.(pp馡1-\ZnXͪC<zn#e]oyrWw\nU%2_FoC?c	\"cwrʎE)6 .x8$sgE\ZUX`R_1ўa(\\2@.L[jW\Z׏o8\'uYV6P:ː=!F7wmambfMq[V0;|-%d;;{p-k](ǣVS\0:JW`U±C7d?J0\nyZ_\\ [	V#.]b9ÞJ*<a*_<\0V/?fb2ח`/u=&vh\n\0%zSw[5-bFQ\n}D^\0qO&iq]Jasء	kW-c%`ՇSKα3918X\"_j;AXcMڲVN	vZn|~ͫVf+lj,V&f`g,x<sdaST{pFu*M8lOxrLPۼYz.ZaHE-v۟wr\0GaFp)1(x(CN97ʾqځ\\|m*\\cL|z.\"LE2TԭiywM\\ЉR{+fQWpJUjRCv9ώFe޶\\{S\"7\0տG	k3ݝ|]nH:dpQkIǛygt7K>Hx\\zDѹVٺJ1%JWeֻQ80AQ-6Պ֡VՖp\ZHcY3]6\\5J\\\"XW7\0\'2H\0a} P7\08qFn Qkoҧ(B_(VjwP08l89i2z\09ll]zJKhuUa3Ti<A\0&X4Ҷ̚7ODcdK[w_yheIV*aYR]y)UfX6\0ZG6~Л	`V\\<*}C4Oj+8*,飐Jmy̠s]\Z+mPe~Y','2015-m3-9_318.jpg'),(33,'01-111-ab','Bardh','2011-01-01',100,182,'\0JFIF\0\0\0\0\0\0\0\0	\Z( \Z%!1!%)+...383-7(-.+\n\n\n\r\Z-%-/---.----------------------------------+---------\0\0\"\0\0\0\0\0\0\0\0\0\0\0\0\0\0\0\0\0\0M\0\0\0\0!1AQa\"q2R#Bbr$%3Ccs4DST\0\0\0\0\0\0\0\0\0\0\0\0\0*\0\0\0\0\0\0\0!1QA\"2aqс\0\0\0?\0(PAy\nB%JM) 8dn2uov]gS(#]Fiﳟshesm+4V-hTDZ_tU1\n(\n(uU2\\<+	h=Id\nZ)\Ze$\0S$P<PQP`\\#Mɳs~UrA\"nMS\0z7Xr+$Blq HG\'Q\\n\nfrJm_?@(RCaHb{g\n/`\'~\njm׶i\r]&T:*<D4^{I\r`Dr-i[\rnqImUh8\r$$M#i&KFaJhbqSV]bHGYJɧkYi(4OV9MԚE)M\nm*\rGȶ\'{\n/kV&,V曼gz͵:5kK_+=_\rb?[RA<&Hq@*dmƩlUim S*DH?\Zu\0,aRKQp.&<MQY}7Gܬn=W=?ahWkb+@(\nMF\Zc#{H?\ZK#F(aUЬ+љ0coE9>ol\Z?lc>(E.Nj\\iϪR\r]#ȧ\n]&i^?sisq8׋r]\r⤀0쫏\'>!\n\0=)nXǻy=;RBl̜W.Ep6!vf\0z<LaƑi\n.:t;2:D)	h[\ZԮ(rJ5uM۴%8=\0DAz짚H\',wp¨ki)@Hi	Q7S=qL6Eƞ>\0w%Jn&*۬Vy$OHV=o(BA#IȚd{1VHj׫<hVDKh*d\rGĂ%[>ӟ4\nȹl&ԠKkZ!#Eaݵ\\<ǯn}ڟ@\ZrҖVDQWQQ\Z(ÔE}?UAy\Zr0j\n(B\n^iB\\R@lTR04Ѧ\'ôgl-\\Ϯ@:]6K@\n\"okbS.<^I $@3Y,Zħ/d\0gdjڐ2I\\WlgK6ν5gG|nk~xv~<DNc%)9zxz0Q8\ZmWjqL8\0\ZMdJPLHALǳµO</,[g(A 6	|wLׯ-*Sa%(ֻf\0/8TҮYyp&YmmКܾ(t)mJ\'1U;FZT$ֻ6iđ,Iܤ)\'S`i!PoE3ѵl針bJb4T9⦹tx))VG6Ҕʚ)HHI\'fJY5^S*y \r\\[]j3j޸h{i\nֶЕ% d$;5wraVD{ܥZY3V:RN#L^¤tf%6-\nuD\0 ƍb.Y#iq9vB\'Bt2xNrOI.I\'Q(9@*n	HU^}+YWYRJn/\nNAٚg*ZЫQpQkXڿ]5Gq\"Yve	 $+Auoz]̳RdfqoLLi[o$aC\Z?[?OUb15cm]R֐9ARqeh&R\0X_&قnǫ<*c\0x~k\\u;/ZCy.\0&@PǨh&j6m_AZVF^T-X*>:BЫ#o>4ʸjZ$&z/ە؋8\'gW+{͙t_BHI㼜6fZ[6T7j!WIKʺLQ)6ezR)\n?tAHGuMC\\]Z:A\0VW[l)ب#>	m]੝~շs\rKQR\n*	7ϲ5H[FD&0#	rvӦs$\";d&fШ#렉ْkufۨB=x]tRtM\\eu@\nj\0@dʮZmWt$<iCDa-#E#ضfmi\"s$SR]AJP3\0fqt#p3\0DfF4\\ \'V5=b\n${jԗJ`-hD$7V9sP\n%FK̉q\"nҫbA3#KMoC%L^aFz@Mg4JjinUē*kT6ٲ#=Uedd:\r8NSm$tUxv\'JQSzBKٌM2c7Lq]BvOHl\0\'Q-*Ub$aWm\'n\\_&FP8!\0:;IWB6Cmğ\n*TINdPdŰ\0;CZ\ZRRKlo½dV5rkIYZ)*<;V3m@juu\0(]\06IMnرˉ7 #0gtET\n̔%#\'1WWtV3,ᄿ6NZd)Vpm	8)5Q:o`q0`^/Fs*?M4Y\n%bHL+O?+řhEl 8U3ZuRŢ̵%DE=/-XHBXDuk\Z:җC2-=DOƻ:\']/ty?OPMflvebK\rDF0\"5[mR#I\0wijhBOAi1 >uLzcfh\'Hm!dM$nt&[b[N%-pU(\no)!)ʐ\0Udns.yh4i1@[@M=Z(@Xq);NE\Z&Iw7([)pMe$1OhE5q3+?̲ګR%7N$F&*bz2CP1}C>v\nT\0n/u8!HPZoP)_l2ű{9=~;3`J$Ĕ,H8lRJӚT:va`quT2T\0,j:h\Zv$80H𢿭/:&?Bzw{z)͓EXdObIWT4{\0	#\0)64öu*vժ%\0>mP=mh[+.%&pȩ&6\0KOٟUaXX\0,+?TO^XopT  NsETt!лRXt5K.T-\r@	xgVdi5Z[mBKBT(!Y,jƩO8z{Z+D%BLI*\'S׋\r	7c$io%[|\'j-B:H=x<\n=\n%p\0@1W5J0kAIR\"r͸&ING0N<UAS3n]Re` 	Ʈȱ?r_D\Zp(g47xeRZqNxt~Ne^K,s>$ @9S}(qW#y;T.$)Ed@imя:\Z]Vt:R?❝uʭk2qV*\\AnRCjƃSJqI+V&s>pc(\Z I[Cmn,!	J +ucsM%nq`RBS*sǺ.ncSez:҅!u$mAZ@q\\͕Osi	\nqD\'pH8:U{k#	yHF\0Zm	Rx;j\Z8m<ݒΆ2\0뺜+yX8\nt0@ZF`tGEXqT#rz#¡])FI$2kTj%gy7\'z5䚺H^>@	G(~x\0ev)X_Jg?G,D`l҉d8U[래Ѯ/A=@>RV@ޓf|)\Zm\0ʁsJO\\KKB\ZLx>57Q.͡Jqx[mXpWtxՋEHYm֞mċ]J\0P ūN{\Z~N;I=|*Ae%@$uW׬I8*I[kE*^BFvԙ\ZD[:}Զy7%0`Ea%J+(q@QsZ@۴vV4\ZqeIP̓(?\ZR\\(%W\rފT7	K3m ARֆ%	\0vI@Gt)έfTTDEF	\n%JD^-J7:Yomʚ9[yJqF$)#h {E]l\Z-ҒںpLOXQZ]9峎&\nw)AVP`% ҚU*on`\nWZ^h\Z-p )FL1Rv*R  Ư+JL:19v\ZcIBN;i+\'98Oʮ2\0&u^<R.vԓnX߅̙7әƹZ\Z=\']^1;뾘JU o\rǺ\ZC쫺qƮpQbd$q`Z&Y	U@})tsJ	*CiZ(XxNY5oZX[\nRJnc JfnUOr2jԆk#v2o^-Ȍv=8</e-:J\Z@\0Dw)\r3*Qq!X/a.8ggnpюdpB2`\0spOu\\\r-JY1Xe}-*1\ra1XM\Z!eD\0ډ0\0H\0<iU;2\ZC6w\\	H\'\\GU1a} oAl<+b3Fs5nZB֨H\n{)rڔY*SQ TOUbȨE!H0ۿbȯ\rFfdn/R9$ETݛU,H$DD	\0p$b3&:;K_Egi\0IR+VDυJ{X@vL#jZ-RChŴaE$ujs6usF\0)\'9gS֓\nt$%6iކbҜ7q\\tحO[2/)Bw]JR(щu\\	&: F22\\)ytgAҸ7@mц%w<fpʯ!Ւ,Td)i 	4YhܶHb)\r-)ĩ%3Hq^)(3ڃgyWTpA-{=.=;w,~|I	\'T\0gS@ˮ)%MAI$\0P\rJA tє\rx\nnn\Z׫t\'l\0;)U&IÖjsSDYF{UJf|r똾HQ]uqފRJ\'RxauN\\]\Z⡼I5Dc5)-b|jm_J(\'T#2TvTZ$ϩ,D?WuZxUOi|:Z2];zsR±\\o*iڸR#u ]6!3Bg<M*w7zSڗc*5,\Z%c0wLar.R-wV||r&u՟ԗ\0a=+|\09\"{Ed	p%\Zt&ش),RRr\0ٔMA-6A#z3SUܳ7>̔A福*=֩Jo$7Ǫ}Q(Rd$+ՇV4ve%JI@@E8A:6iDZm(Joɘ?FE~to;\0:_EQJkRbbbw&(.&\n$R#gNv⒠\nh+!81\'گ8\0:$J픢H=t0	p1>pE8)sq??&a	8S4[6g2yh66:m\r&0ʅ遟D)^;NX7H8DY$m\'V=e-DUxh	<՘&Rf\'2\Z֭nFXTXnyX\nR\ZRilג|/MskWwU\\tO2d	qZ#\"0\0LPBgUf&7>O%mRVDP=Rzt+>նVD)i c;LPC[,MHU=R;ƥ>	:	-@U &Bqq˼_|o\0RiU8]xWUn	RFuH¡ӬIVd`^2ݓOgؽ=8uGb:w|4mQ!3!0粬;-;0OT`hJ9RPƹoN+끐\nq)ټw\'\0vOmAE7\0m>NʑY:@Xi(HBD\0 	\nꏙk&py4A^q֚ФgТ3tp+TwM!ΊQy\'ilO¾ תeHrS\r9bJLahҤ뭦y`ETݛ@I)F[![Vp\\&0CR.(J*)ץzI܎B)Z҉(}V\0QB)8ƛu8o4=7ό^(EMzu24:>\r\ZUwLzjGb\0Tw1n.:hVvO[>T]9uKh0}Ktm(,I+$ABSKJe<[A6qu{^ڎ^L<C1$M&\Z\0}:f ch4jB3_HHz3O2ӏ\"n\'2A@S^@L5{n\0\0\nD@a<iut[Gv=>bX+6i	@H@=_~TO5e;6lOx\0XSwReLg}=t7)b(JJ}&񦩳nl?Μ8~*AX}q\"d\nwhQhxPT,>?ʕ\n;xm>>劣l*<; 7HqD!9uq=F|)f6ugg<OVYvv{HS~\0Oήp+SG6Q|{HPldu-UHFHY1	\0mi5=*GZs\0\\u)ro`?ޏ_\0<)Dw٩SoQGKS,#QZ$.VXX)HRꭙ\'%q?VܦsZ-)PԐ)ESvoq8{.hxM!.hnF)>ȣ	4 (AEG);	VEX*J~U%\\##}&rΨL>4Bo{)S\'zx9 `4n:h&FH,ǟu\"g򦿙r(Sw\'ݙP}YXǲ=R0QGM6m009a粜c::.L<6w@@^T,?P\n9QFt+o0\0\'&R4NA*\\L^>O\"/dBD&\'PB6MK8E*bjF&i	b_\rpɣ_AґA{͞p|z6\ZE\0W\n\"M$mJWV\0;(s8QkVE=hZgܧv[[O_En38ٕ\"<cq@𤔈RjґU.!;7(g\nAn\nf\'1~Yުv9Bpê=X)f\'o>*:;mGM}3\nv],\0BD2<J	ȡB#:5Ԍ*OFC x9q`P@Si&ҜP\'cl\0J(;	늴(Pqo3EEcB;0eDeBrҟ\\6qbB]szm!9~t(U\r˦`{2pH;iA`㲻Bhq&$Fx*E@`Bu9\"`	\04Vf\nPZC|(PD','images.jpg'),(34,'01-131-ab','black','2001-01-01',123,183,'\0JFIF\0\0\0\0\0\0\0\0	\Z( \Z%!1!%)+...383-7(-.+\n\n\n\r\Z-%-/---.----------------------------------+---------\0\0\"\0\0\0\0\0\0\0\0\0\0\0\0\0\0\0\0\0\0M\0\0\0\0!1AQa\"q2R#Bbr$%3Ccs4DST\0\0\0\0\0\0\0\0\0\0\0\0\0*\0\0\0\0\0\0\0!1QA\"2aqс\0\0\0?\0(PAy\nB%JM) 8dn2uov]gS(#]Fiﳟshesm+4V-hTDZ_tU1\n(\n(uU2\\<+	h=Id\nZ)\Ze$\0S$P<PQP`\\#Mɳs~UrA\"nMS\0z7Xr+$Blq HG\'Q\\n\nfrJm_?@(RCaHb{g\n/`\'~\njm׶i\r]&T:*<D4^{I\r`Dr-i[\rnqImUh8\r$$M#i&KFaJhbqSV]bHGYJɧkYi(4OV9MԚE)M\nm*\rGȶ\'{\n/kV&,V曼gz͵:5kK_+=_\rb?[RA<&Hq@*dmƩlUim S*DH?\Zu\0,aRKQp.&<MQY}7Gܬn=W=?ahWkb+@(\nMF\Zc#{H?\ZK#F(aUЬ+љ0coE9>ol\Z?lc>(E.Nj\\iϪR\r]#ȧ\n]&i^?sisq8׋r]\r⤀0쫏\'>!\n\0=)nXǻy=;RBl̜W.Ep6!vf\0z<LaƑi\n.:t;2:D)	h[\ZԮ(rJ5uM۴%8=\0DAz짚H\',wp¨ki)@Hi	Q7S=qL6Eƞ>\0w%Jn&*۬Vy$OHV=o(BA#IȚd{1VHj׫<hVDKh*d\rGĂ%[>ӟ4\nȹl&ԠKkZ!#Eaݵ\\<ǯn}ڟ@\ZrҖVDQWQQ\Z(ÔE}?UAy\Zr0j\n(B\n^iB\\R@lTR04Ѧ\'ôgl-\\Ϯ@:]6K@\n\"okbS.<^I $@3Y,Zħ/d\0gdjڐ2I\\WlgK6ν5gG|nk~xv~<DNc%)9zxz0Q8\ZmWjqL8\0\ZMdJPLHALǳµO</,[g(A 6	|wLׯ-*Sa%(ֻf\0/8TҮYyp&YmmКܾ(t)mJ\'1U;FZT$ֻ6iđ,Iܤ)\'S`i!PoE3ѵl針bJb4T9⦹tx))VG6Ҕʚ)HHI\'fJY5^S*y \r\\[]j3j޸h{i\nֶЕ% d$;5wraVD{ܥZY3V:RN#L^¤tf%6-\nuD\0 ƍb.Y#iq9vB\'Bt2xNrOI.I\'Q(9@*n	HU^}+YWYRJn/\nNAٚg*ZЫQpQkXڿ]5Gq\"Yve	 $+Auoz]̳RdfqoLLi[o$aC\Z?[?OUb15cm]R֐9ARqeh&R\0X_&قnǫ<*c\0x~k\\u;/ZCy.\0&@PǨh&j6m_AZVF^T-X*>:BЫ#o>4ʸjZ$&z/ە؋8\'gW+{͙t_BHI㼜6fZ[6T7j!WIKʺLQ)6ezR)\n?tAHGuMC\\]Z:A\0VW[l)ب#>	m]੝~շs\rKQR\n*	7ϲ5H[FD&0#	rvӦs$\";d&fШ#렉ْkufۨB=x]tRtM\\eu@\nj\0@dʮZmWt$<iCDa-#E#ضfmi\"s$SR]AJP3\0fqt#p3\0DfF4\\ \'V5=b\n${jԗJ`-hD$7V9sP\n%FK̉q\"nҫbA3#KMoC%L^aFz@Mg4JjinUē*kT6ٲ#=Uedd:\r8NSm$tUxv\'JQSzBKٌM2c7Lq]BvOHl\0\'Q-*Ub$aWm\'n\\_&FP8!\0:;IWB6Cmğ\n*TINdPdŰ\0;CZ\ZRRKlo½dV5rkIYZ)*<;V3m@juu\0(]\06IMnرˉ7 #0gtET\n̔%#\'1WWtV3,ᄿ6NZd)Vpm	8)5Q:o`q0`^/Fs*?M4Y\n%bHL+O?+řhEl 8U3ZuRŢ̵%DE=/-XHBXDuk\Z:җC2-=DOƻ:\']/ty?OPMflvebK\rDF0\"5[mR#I\0wijhBOAi1 >uLzcfh\'Hm!dM$nt&[b[N%-pU(\no)!)ʐ\0Udns.yh4i1@[@M=Z(@Xq);NE\Z&Iw7([)pMe$1OhE5q3+?̲ګR%7N$F&*bz2CP1}C>v\nT\0n/u8!HPZoP)_l2ű{9=~;3`J$Ĕ,H8lRJӚT:va`quT2T\0,j:h\Zv$80H𢿭/:&?Bzw{z)͓EXdObIWT4{\0	#\0)64öu*vժ%\0>mP=mh[+.%&pȩ&6\0KOٟUaXX\0,+?TO^XopT  NsETt!лRXt5K.T-\r@	xgVdi5Z[mBKBT(!Y,jƩO8z{Z+D%BLI*\'S׋\r	7c$io%[|\'j-B:H=x<\n=\n%p\0@1W5J0kAIR\"r͸&ING0N<UAS3n]Re` 	Ʈȱ?r_D\Zp(g47xeRZqNxt~Ne^K,s>$ @9S}(qW#y;T.$)Ed@imя:\Z]Vt:R?❝uʭk2qV*\\AnRCjƃSJqI+V&s>pc(\Z I[Cmn,!	J +ucsM%nq`RBS*sǺ.ncSez:҅!u$mAZ@q\\͕Osi	\nqD\'pH8:U{k#	yHF\0Zm	Rx;j\Z8m<ݒΆ2\0뺜+yX8\nt0@ZF`tGEXqT#rz#¡])FI$2kTj%gy7\'z5䚺H^>@	G(~x\0ev)X_Jg?G,D`l҉d8U[래Ѯ/A=@>RV@ޓf|)\Zm\0ʁsJO\\KKB\ZLx>57Q.͡Jqx[mXpWtxՋEHYm֞mċ]J\0P ūN{\Z~N;I=|*Ae%@$uW׬I8*I[kE*^BFvԙ\ZD[:}Զy7%0`Ea%J+(q@QsZ@۴vV4\ZqeIP̓(?\ZR\\(%W\rފT7	K3m ARֆ%	\0vI@Gt)έfTTDEF	\n%JD^-J7:Yomʚ9[yJqF$)#h {E]l\Z-ҒںpLOXQZ]9峎&\nw)AVP`% ҚU*on`\nWZ^h\Z-p )FL1Rv*R  Ư+JL:19v\ZcIBN;i+\'98Oʮ2\0&u^<R.vԓnX߅̙7әƹZ\Z=\']^1;뾘JU o\rǺ\ZC쫺qƮpQbd$q`Z&Y	U@})tsJ	*CiZ(XxNY5oZX[\nRJnc JfnUOr2jԆk#v2o^-Ȍv=8</e-:J\Z@\0Dw)\r3*Qq!X/a.8ggnpюdpB2`\0spOu\\\r-JY1Xe}-*1\ra1XM\Z!eD\0ډ0\0H\0<iU;2\ZC6w\\	H\'\\GU1a} oAl<+b3Fs5nZB֨H\n{)rڔY*SQ TOUbȨE!H0ۿbȯ\rFfdn/R9$ETݛU,H$DD	\0p$b3&:;K_Egi\0IR+VDυJ{X@vL#jZ-RChŴaE$ujs6usF\0)\'9gS֓\nt$%6iކbҜ7q\\tحO[2/)Bw]JR(щu\\	&: F22\\)ytgAҸ7@mц%w<fpʯ!Ւ,Td)i 	4YhܶHb)\r-)ĩ%3Hq^)(3ڃgyWTpA-{=.=;w,~|I	\'T\0gS@ˮ)%MAI$\0P\rJA tє\rx\nnn\Z׫t\'l\0;)U&IÖjsSDYF{UJf|r똾HQ]uqފRJ\'RxauN\\]\Z⡼I5Dc5)-b|jm_J(\'T#2TvTZ$ϩ,D?WuZxUOi|:Z2];zsR±\\o*iڸR#u ]6!3Bg<M*w7zSڗc*5,\Z%c0wLar.R-wV||r&u՟ԗ\0a=+|\09\"{Ed	p%\Zt&ش),RRr\0ٔMA-6A#z3SUܳ7>̔A福*=֩Jo$7Ǫ}Q(Rd$+ՇV4ve%JI@@E8A:6iDZm(Joɘ?FE~to;\0:_EQJkRbbbw&(.&\n$R#gNv⒠\nh+!81\'گ8\0:$J픢H=t0	p1>pE8)sq??&a	8S4[6g2yh66:m\r&0ʅ遟D)^;NX7H8DY$m\'V=e-DUxh	<՘&Rf\'2\Z֭nFXTXnyX\nR\ZRilג|/MskWwU\\tO2d	qZ#\"0\0LPBgUf&7>O%mRVDP=Rzt+>նVD)i c;LPC[,MHU=R;ƥ>	:	-@U &Bqq˼_|o\0RiU8]xWUn	RFuH¡ӬIVd`^2ݓOgؽ=8uGb:w|4mQ!3!0粬;-;0OT`hJ9RPƹoN+끐\nq)ټw\'\0vOmAE7\0m>NʑY:@Xi(HBD\0 	\nꏙk&py4A^q֚ФgТ3tp+TwM!ΊQy\'ilO¾ תeHrS\r9bJLahҤ뭦y`ETݛ@I)F[![Vp\\&0CR.(J*)ץzI܎B)Z҉(}V\0QB)8ƛu8o4=7ό^(EMzu24:>\r\ZUwLzjGb\0Tw1n.:hVvO[>T]9uKh0}Ktm(,I+$ABSKJe<[A6qu{^ڎ^L<C1$M&\Z\0}:f ch4jB3_HHz3O2ӏ\"n\'2A@S^@L5{n\0\0\nD@a<iut[Gv=>bX+6i	@H@=_~TO5e;6lOx\0XSwReLg}=t7)b(JJ}&񦩳nl?Μ8~*AX}q\"d\nwhQhxPT,>?ʕ\n;xm>>劣l*<; 7HqD!9uq=F|)f6ugg<OVYvv{HS~\0Oήp+SG6Q|{HPldu-UHFHY1	\0mi5=*GZs\0\\u)ro`?ޏ_\0<)Dw٩SoQGKS,#QZ$.VXX)HRꭙ\'%q?VܦsZ-)PԐ)ESvoq8{.hxM!.hnF)>ȣ	4 (AEG);	VEX*J~U%\\##}&rΨL>4Bo{)S\'zx9 `4n:h&FH,ǟu\"g򦿙r(Sw\'ݙP}YXǲ=R0QGM6m009a粜c::.L<6w@@^T,?P\n9QFt+o0\0\'&R4NA*\\L^>O\"/dBD&\'PB6MK8E*bjF&i	b_\rpɣ_AґA{͞p|z6\ZE\0W\n\"M$mJWV\0;(s8QkVE=hZgܧv[[O_En38ٕ\"<cq@𤔈RjґU.!;7(g\nAn\nf\'1~Yުv9Bpê=X)f\'o>*:;mGM}3\nv],\0BD2<J	ȡB#:5Ԍ*OFC x9q`P@Si&ҜP\'cl\0J(;	늴(Pqo3EEcB;0eDeBrҟ\\6qbB]szm!9~t(U\r˦`{2pH;iA`㲻Bhq&$Fx*E@`Bu9\"`	\04Vf\nPZC|(PD','images.jpg'),(37,'dsafasd','fasdfa','2001-01-01',1231,163,NULL,' '),(38,'sdfas','fasdfa','2001-01-01',12312,163,'PNG\r\n\Z\n\0\0\0\rIHDR\0\0\0\0\0\0\0\0\0x\0\0\0	pHYs\0\0\0\0\0\0\0\nOiCCPPhotoshop ICC profile\0\0xڝSgTS=BKKoR RB&*!	J!QEEȠQ,\n!{kּ>H3Q5B.@\n$p\0d!s#\0~<<+\"\0x\0M0B\\t8K\0@zB\0@F&S\0\0`cb\0P-\0`\'\0{\0[!\0 eD\0h;\0VE\0X0\0fK9\0-\00IWfH\0\0\0\00Q)\0{\0`##x\0\0FW<+*\0\0x<$9E[-qWW.(I+6aa@.y24\0\0x6_-\"bbϫp@\0\0t~,/\Z;m%h^uf@\0Wp~<<EJB[aW}g_Wl~<$2]GLϒ	bG\"IbX*QqD2\"B)%d,>5\0j>{-]cK\'Xt\0\0o(hw?G%\0fIq\0\0^D$.Tʳ?\0\0D*A,`6B$BB\ndr`)B(Ͱ*`/@4Qhp.U=pa(	Aa!ڈbX#!H$ ɈQ\"K5H1RT UH=r9\\F;\02G1Q=C7\ZFdt1r\Z=6Ыhڏ>C03l0.B8,	c˱\"\ZVcϱwE	6wB aAHXLXNH $4	7	Q\'\"K&b21XH,#/{C7$C2\'ITFnR#,4H\Z#dk9, +ȅ3![\nb@qS(RjJ4e2AURݨT5ZBRQ4u9̓IK\ZhhitݕNWGw\rǈg(gwLӋT071oUX**|\nJ&*/TުUUT^S}FU3S	ԖUPSSg;goT?~YYLOCQ_ cx,!k\ru5&|v*=9C3J3WRf?qtN	(~))4L1e\\kXHQG6EYAJ\'\\\'GgSSݧ\nM=:.kDwn^Loy}/TmGX$<5qo</QC]@Caaᄑ<FFi\\$mmƣ&&!&KMMRM);L;L֙͢5=12כ߷`ZxZ,eIZYnZ9YXUZ]F%ֻNNgðɶۮm}agbgŮ}}=\rZ~sr:V:ޚΜ?}/gX3)iSGggs󈋉K.>.ȽJtq]zۯ6iܟ4)Y3sCQ?0k߬~OCOg#/c/Wװwa>>r><72Y_7ȷOo_C#dz\0%gA[z|!?:eAAA!h쐭!ΑiP~aa~\'W?pX\Z15wCsDDDޛg1O9-J5*>.j<74?.fYXXIlK9.*6nl{/]py.,:@LN8A*%w%\nyg\"/6шC\\*NH*Mz쑼5y$3,幄\'L\rLݛ:v m2=:1qB!Mggfvˬen/kY-\nBTZ(*geWf͉9+̳ې7ᒶKW-X潬j9<qy\n+V<*mOW~&zMk^ʂkU\n}]OX/Yߵa>(xoʿܔĹdff-[n\rڴ\rVE/(ۻC<e;?TTTT6ݵan{4[>ɾUUMfeI?m]Nmq#׹=TR+Gw-\r6\rU#pDy	\r:v{vg/jBFS[b[O>zG4<YyJTiӓgό}~.`ۢ{cjotE;;\\tWW:_mt<Oǻ\\kz{f7y՞9=ݽzo~r\'˻w\'O_@AC݇?[jwGCˆ\r8>99?rCd&ˮ/~јѡ򗓿m|x31^VwwO| (hSЧc3-\0\0\0 cHRM\0\0z%\0\0\0\0\0\0\0\0u0\0\0`\0\0:\0\0o_F\0\0IDATxgdy{sNlvw]\04I HxDiDYshqkݙ{e(҈$%h@õ..q{{G<DYȈsDyւB!B B\r\0!Bh\0!B@!\Z\0B!\0B!B!4\0B B\r\0!Bh\0!B@!\Z\0B!\0B!B!4\0B Bh\0!B@!\Z\0B!\0B!B!4\0B B\r\0!Bh\0!B@!\Z\0B!\0B!B!4\0B B\r\0!Bh\0!\Z\0B!\0B!B!4\0B B\r\0!Bh\0!B@!\Z\0B!\0B!B!4\0B B\r\0!Bh\0!B@!\Z\0B!B!4\0B B\r\0!Bh\0!B@!\Z\0B!\0B!B!4\0B B\r\0!Bh\0!B@!\Z\0B!\0B!B B\r\0!Bh\0!B@!\Z\0B!\0B!B!4\0B B\r\0!Bh\0!B@!\Z\0B!\0B!B!4\0B Bh\0x!\Z\0B!\0B!B!4\0B B\r\0!Bh\0!B@!\Z\0B!\0B!B!4\0B B\r\0!Bh\0!B@!\Z\0B!B!4\0B B\r\0!Bh\0!B@!\Z\0B!\0B!B!4\0B B\r\0!Bh\0!B@!\Z\0B!\0B!B B\r\0!Bh\0!B@!\Z\0B!\0B!B!4\0B B\r\0!Bh\0!B@!\Z\0B!\0B!B!4\0B Bh\0!B@!\Z\0B!<Z<ǇT\0vd<D?` p.^*ZX$I\"<y\00ok0廳{?^.>p}H~X\ZQ쏙Ԋ:^*1FdY&Bk-Kkmqz]:	@$I\0xؿ7# BE]q@6c!ij\0x 4\04\0dJ/{Z\ZcQZQՔx0<p;\0rb/mRH)q>җ8cÞc\ZZkH)M?b!.m4%c0jkN$\0\Z\0\Z\0r^k\n2[k ZR6\02tIkmnSRʁ\0\0<W1s%)޿(\\UF!Î\0+dV.6wZƘ\'\0h]0qfG14\0A777eӑibDZMcTAkmPZ(B\'[I))e ck\0Rs^)c!B@0,N=(O1?\'y[(\\D\0nZk!Xkw;aBq +\\16_ȝQȝ1AeS@@h\0h\0H5W\\wQi8ZZe	\\?QܥZ\n!\"Z\'1uBH\0+\0B\0\0BH)DJ)( Jwݘ=9/G=8?W}\0G↻`\ř1\"֦d 0ddif\02U˦` 4\04\0dL3{{{* MPkc0#uľf	R2RFƘR|e:%\0筵\0f\00++\n{YA ၿU^JyW?߰ǎQ[aQ\\S50Qmq+olMkmW:-g\"Rgbg\nbgcLB\"L4S.,\r\0x<Lt(˲Rn(Ƙ!a0Ԅ5\0uke)匵bF1_r/ /+E0\\EYq8I8IQ0\"Þ{~32UG<\r3}/?{B7\0%\0]\0=km@G3t=T7I^\0\Z\0\Z\0r0ꗗ.]\nji6R9Rj>Y\03Z3Bw\0xs^Jy^X\"(BEj]]N#Dq	F<4?{Muoh*[!sp\0B\"hcv-kmKJNӴ qFXk\r\r\0+E[[[amH)go_`EkXk#XRq(^	8A&F>Q3L *QWi\rƽadV̰¨¶\0$Kk!Ďv/V]grl^D@h\0h\0\'IҔR.\0X,<;Raz~e^DҾ>q$9O+Fj4?)\"U#Q;Z9>00&B_vZ{G)i\04\0q7s\0kB\0>G0jh6h4\ZA@D}1\"z|۰Of7.>*Z&^UQ=5?Ӛaw۸c]eV-\n! shXk?-kB\0,aM\0߄g:NS\0`%Rʧ;uaaaXZZBQ}w(EZ5,CeD3|ǽ*	X,UMȴ&b{Ao,CC`_4= ؍]0B@X3<nllDnwF:`Bm4\Zs333XZZ\ZT;ӤɽzJY!Iɿ*&Eɲ있r2(ſ<e1}yTf L2Rn3i\"MSoവwsRj7I?$0	\0\0<?`Y)u.ukI)lbqqkkk8<\ZuF>i\'t?y~OX,@ltQo1wYǹx<~f(0Jl[+^1sRʟ־a38Ah\0h\0Y}vFQ|<Qnn+++8wΟ??*3LѭIڧߋ\'aa`.;.͝F3\0\0)-1ƺK!i1?qG}\n!n\n!zwkF*Z{@Bkm{>g_Y\0f)qFlFam;d}I[k_6PJItZ7xhʕ+oQt:sQApQVE;p\\xǭ|t/ыZ^Ћ^mЅ[/2n\nؾVK)[Al\ZcG`\Zm`n\\wyܑ_/ѵ|,ŭpJ)*)Z)P;c*w_kQ֮`P\0Xs-yfò2Di6Qdʆ8D?\0h^0x&4\04\0Pkkku+օOkzE?O<ĠN\\	YkVN8$=Ѽ/Ǽ(qze-iK~%UJB3\\jƘ3XeNkWFQ\\rQB)¤ij\n3\09F\0 E^@\0E)K.(md(Tvc̥\\\08~@`Ϗ3&4<3jfM\0Oo J	<\Z\0\Z^Ϟ=[k۳\0V(۴ze\\poy[e=Ǵ,A`{{;;;hZzȪn9R[v;^vkmnmhu&~,Z[R~._cowvva\'+0n}>Led1R)5\\a˦h&BNL\"(f+ue	`S\0zdM	ߺv0$%[kbj\0K@h\0h\0V.\\\0XR^-Zh4޽/\'DD^EWJawwEEHƘ8!ĆvW\r\rM)eKJ#\\x]kskm.ȝ<5\0n.\"o]do@K+4RJRZu@/BV]Y\0?>M9[	S1#!r&(iEd{9T\02p9$/b\rM\r\rW)kBZ5k 8Ǆ><\Z\0\Z|Lzmoo	`YJy!KƘXվuyyxꩧƊ}6<ϿfRZ1&6ƤR-D^Ժ{Bf:I}mFJiR~RJ\rj5[ܜ}D1?\Z\nLc*\ZF1 0GJJkmR5)eӐR6<e&!ۄo&^W6^O|Uc^p3^r&`h@	\r\0\r˗/Mk1\\^a݋x\'O?c\\v\rG$o(~Ube\0^2Bd>REz]Ji04#}:TgXh(74 ݥrفZH)ں	`NJl}7R>טUpXn]|^־fw_qЛ\0\Z\0rl<N<Lp͚b<?wٳcH)nobkkFkGJ_Z_7hw=)eai&J)]0M1Zv/kkkc:?KG3\n^O1\nj4\Z1&0Ƅ̸m!KƘHZZk_0̳,u$S <LmllDqτa\0B<;;;U<CMJ=Dݎ1Z[YmXk֝ (01kkkN0j$9\0a^yH)1fYAg2iJTVeYa\07\0&,<MS_p	 \'݆+:+|1VVVz>\'C/ۃBK\0Z|ZWպK{NS	B$@/XkH?8`5Zy\r7%j:I_pŃ \'˗/\r!ĂRjM)uQk3fsqqq.\\osO䯔 v*4M_bo~~w_}UɃ0N4:sgZ\0\0pwZk#?pU$IR\\>XS 4\04rzWkRYR1(gϞEecc^Je٠e*^nܸam\\Fqlן\n!WZE\0_\0Fc	\00ꦴ\"\0K\0\r\095k׮EI4 X\n<oR~O/\Zq ieĿKkCi1\Z@\Zq^<υ1F	!E!\Znr_o\0%Ue!\0_^t)sNC(\\SJ=+sE?UuԶu^)$cj5BRʟZ,[hx\nP\0 T3<\\~..O5e;wFZ{z!jS8yjוRw3gΤ/BƔ?y2I(PYo(4\r\nOõ.\"RHrT 7664M\0j\0\n>6\0\0$	]\rtהR<W<ږR|ɄO\"$MVei4|\n8.\0X0́Q\'4\0x!ۅ?:33\\xq짼j\Z\0~ߎ4}9Rm)O><9ş<D&7I\0\0loC>8Au\n$M\0 =gv]R΅a:߫ͥ%?~\ZϋՊ?;R3gΤUl|ȧa\0\0\rh\0\r\0ߟХRg=ç~)͛71L$7w\0?C	M\0?`\0w\0B@`//]v݆bAJ&{fff}E۷<\\Zk/+++9R\0\0;\0nx	pفiy\'PB@NT\0I)g}<f^/..Z߼yۈXkosss1G	?*y\n9\0\0.\\$i\0XaYa~~S7n;wt2!/ivl]R#jb\0mgn_p,e\0.\0B@N.gNSRYkW\0~^cqqgϞ`/Zϣm4\Z\0?3n_񟖷^\n`\0lllDY5aYk8={J{B@)5OMԯeٶȊ\0,\n|?q ~7f\r\09A5Wjy;fffA\"?>n>ƘMc~aܟO,/\0C<<ý\n 4\0XQoQqZl^}eб4MV\0|^J`htϞ=8!q0Ţmg~GU\r,\0 K.q7<h\r7AYliJ)ܺu{{{H%\0686ƴ\'	\0S-\0E77\0 \"۫I)g XBFE9sB?n;;;t:01McvEFKX\0[7p0@h\0ȱ{0MFRUk퇃 xҏA0o߾}$IB1f+˲]cLguu5\0]6\0/)?~A\"\0K_?[W\0~O;w @>z1jZfnYʁ\0i\03i6Ƙka477_L+IR5ֶܱ(?>-\0_C<\\@Z !4\0dԔRJ%!ēBj5̙3\"qcoo^O?rt_1Au\0A}\r\09ZeY]14VWW)%ni\"m1ailքmJ-t[Tjm~ۤ{=gn\0C<׷\Z/\0!xȸڵksQJzy!˲ѿ1;;;~3\0ޔRFQԩ	}.r,=77\'1֊%\"\n!t:Ew%P\nx	ۧx\06k\r\Z\0R=`^JGkZ//{K)q?I)8Rݥƍ=QByeZ/Z+^%\0.eS\0d0r! BL\n!z=W4\ZIh:\0.c{w橍\0ףBAJA_4MD~s.1BnىcS?$eqwr⮬ Z8V@)?oS\0rpkmvCKQ2#4NnɅZ!V[k1&6oMB^0	 4	A(/to)_K~mAZ8\0 欵>;;A_)_)\rZ-qc鞔wۏ	ȋw}wV%d_\\{WNU*7RP@JXk!})e ;qWƘ\0gmo;֞3enY!p8g]q]\"ȭ9\\Jȅ[k3\'Xksg A~:i`\\2A{B73	=Sf*K\rA`\\8Ƅ\0n)fRK\0.!>h40??Q~__g%kN(ʱq,:LTJg?{@ ЉtZXkC\0J}\"\0/bm:a_q~=f)+.یm7\0{\0-t׭6Rf\0,Rfn.m,ãbZ~\0|V\0_0\0LpggfQJ-Yk?EQ8(=qlgvwuuTGâ83gdesZ+km1Aa!yh\rR1%kBkYkyc̪3Rg\\yQmcaF]y0,BVeqvU\'xو-/QQ1\0,0]E\03\Z\021R3A,X5|W M4,ZYU!N ^xT/\nc |1ȉ|h6BԤ\0kB5kk2k(.oRʁ	(r_%ĿxO2Zk$I2`Mϙmp׷\0Q`.G|H`9(s0CW|f?Uyۊŀ\0#.]\nƘa?G^>xo~~733mnn~}Y)666}3 7.0ȥ#TJ)kRʚ62<)8.mRx,JMȋ׽)&U2\0S4oϲvp\Zn0Em>kpen1c\n9(6Y7L\0~1j@fh\0sU/~1TJ5 XR.c^cnn@RRʝ0y\'W^yEzښ}DŴ}zWhqH)Us}-:\"er~{A?v/w9?J̫bgCMZ,t\\c6џ>W4ǔ9(\Z,~\n\ni\0vaa\0f\rN2xgkT$ fK+A_\"W߷ncvkZonnq+WTǢn,?YzcLQC)eh	wcRhYp΍џ5Ƭ#r/J&DRĽ[kHa/ɰ0/\n}*^|L@t:8sAs0 ;Us`	o\nLg<9(kj\\`w})-]\Z\0\nr劼s玺p̲Lj{RO|8BI)]{YRAAoJ)hZx}}]vW^}\\|Aad j\0jZK\0֍1ob=+AA \Z\\*@Ћ3%Eea.g\\A߷a^50hxw4U4;\r\0םX¤^\0,Oqܝ\r;cLB1(0CqIh\0igyF]p!8׾\ZcBQq6s-\0aMb=#:);?iˍn9!V绵Zl6WBS1R> \n tsk~^)Us\'yVkUWw<Q0DKyTl7J\">Lf0,0iZ \'3D)tB=930Dhrs\0Sd\0oq9Ut#$4\0rZ__noDZ(1ƴkJV	!$^r\0R\n.%1fS.--aqqy(\\Qr Ƙ0XkEQ\'xeeE菪MQ^|ս:(Ū ϏBDRʺ.eYv:s5׼L1ߧ(zc`\\,,~ W쟔\r8kvָDv+N\r+L3SL?]Ss\0Bi{\0wMaSgJ\nih\0gy&	^~(˲RJ f\041\r\0gcsRʗ0|Չd$\\_.ܳ_Q,HYA)Ru{CV^}UZKc4ƨ(BD1&(Zf).BQk\Zދ0aBJ	k-\"G*c~W~k-:_q)ON_]0zA7oAߪ|\0LFg\0̸}nAeGe=:744\0~Vo<J7o^F+/	!>\Z\'uc̶RQ,,,/RK)4Z\Z97fo\0?^aeYQ5cL͏jzOYk@Zݚ11fe*y/4}a^C)uOZѲЗMϰt͛$ΓL#婀k-z_ہ?,Ґm;s[\0,bm9{Ɖ~O_*!sfW\Zb8ufE\0ϣ?am-HJf<ZB\'<c=B#NSSJ54hZ<cROǴ}$_l /;s@X^u?Snf緒$ٓRN`7h~U}#\'1kRUkru}΋|jz@ݰnv\"I=nO*7? TTqN3ɉ7-\rO.h\'NO}\0a@``C\rca\0\\ԯv]SJ5$h$\\cGRLEzZ\r7EBVlbvvv/o\'n,v$ɾֺwLisB3n^\r+_P4ƩҲvI?O+A4E7Swޯtku	~-us9l\06\0n$h&I2#XR!VoPT^`܁\"6lY1[,+ޯ8-曃F@IS/w+F~Q|̊/+qW{<M?JShZj.?y$21]Ph\0Y W\\Q7ov]J9e|V[BdTcqqv֧_App8_ޏ(\"_0EqrDWyas\"#FZݵI\0~Wi\09PkB$I(ZpFJy\0^gff bk}%Gi~E}&]Y5O\nƍW?~Uſ%q#&Ge\0?;=g%~\0<R_p!Q?E!Ě,oXEO4M,,,`yyΝ; *%`\'	}vQ6U\nqa\rR<G:%\0l@wm 1\0cc#0|+\0*ǂ FҼgΜb?*?3n\nۨU节?nl*r:;\'!ƘA\0|6O<\0\rCo\0˗/wܩ!f$Yjgl\0~^/bii	gΜTqqM2U7ISPw?a^O*lz=t:u\0#3n?[`wl_4\0kyҥpgg!.!).jR)uuffF.,,`mm\r.\\w¸9Gm3@8HJ?m0\0dYvt?g\0w|]@zT@x\r\0 ףVRZ(<77;w333߯ϸ(s\ni@J0i8toA~!7)_D.:}O#~\r~~zv-uc̷f93g`}}}PU_}~8/ߧ.a8:\r*$I4_;842x<@1WJRkW7gggE\\pl娿jq	g\'f7G?l4F,3M㎟\'2Z-v#		Y9x(d	hh\0˗ͺY/bfffp\"/~	~U/GU\"iG&89)[kj\'PK%`qw8\0<?\0\ZYkW(ZJkkkX__L+FV?N\'-3i,8iӚqB_eUQgu?y>4\ZG3?{llz1Rʟxꩧ\ZD\"a]&G=OU27j!q\r>Jʪ~U\"Øinw|*\\ԯ& 	x$ҥKak&I2YkڟUx\'חךwH{aĿ(OkFE⇭௺\\uoKVQ?yXQW=\'	`=\0\r#\0 jƘ V1h,...&{YF2ptSǉqw<Z*i+%I_yQ\0W7JV4xt$II,j3ƘsssX[[XO*\"^\\lʏjvZ^530*&$j8<*M	\0h\0~gׯGZk?)p.\\4M:GJ9BHt0 DQ)堟B	_5%~MxϴÌQ_k}i_yX\0?	H\n\0\0<`gg\'PJ51ajVٳMQ<hBAv=z=q|qR\nJ)j54\Z\r,,,lO,BiǾL+U\n+UaşQ?yx@%8@r/GZ!KBh4\ZX\\\\wXbvvv=7	Bf333XZZt;BПvqL;OʬyΨ<h~guba x۷oJv6eGkZ-;Iovwwv$IZc\0lI)_SJe[eYIj{{{ٳgQEc0*F&ZҐ$qn3\'6/\0\Z\"q~\'[\0moq\r\0?­B&@?$@h\0:d\r<o!gW|_~Ƶ-۷8;Zᶬqe1FRJ\n!jBI)Z$Iq<p,//V\Z,!WES7}SwXwIƨJ̀1{{{\\Og\0` \0(\0/c\0\0\0|Ӿ<_,H\Z_|9߯\'IҌhZ]Q5}GVMB~:666o<ԯcZoc1<S)e&0\0繴JrFJyZ{\rz$I\"8ŋC!VaErU(SWQRQ/1\nk<\0p\"o_\0V\r\0s\0n8Q\0ߍ?G\0)=E1\0V+ȲE<Ekk\Zh4FF5\0o&666jZƘ_R~:˲[ڭ4M0FQHRZJijae5gHֻB-WvwwTk=9|=jìWUC\'5\0&ӸTw,P7\0?\0},\0ppˉ[-p[L.\0~\ZG\0.\0<\\\\rEKֺ]JZ\rcZ;[nnoH)yߴn\n!R(lmm<sիW\n1mkmZ6ƴR 6zZ\'|Y\r\'.PvUQ\"=M=MfxW/gT[,2l?ȲL2}	\"s}whڭB\"U\0?4t\0Sg\0o8/\n?J[0\0L@Emw8?\n	Y	fh\0Ν;*\ZRj^k0133y>2ѷ۷o̲ZZF{^oݺ5yF\'gBZiEQ\Z!ב@S]oWd\0ò1E/wX,L2TBdSFO\0|Kê}5woo;;<颶M~i\0)㾐9\0rFARk\\}Q^I8h\0_\0#5\0o1\0^Oy	!f\0!U033sOaѿV\rBeٗo\Zc6{FwҥӶ\0!2\0ҥKzggGcRdYf v+A`mmmP0J \'aDe!/aٔr?츗[4.Ih\0ZpbѤ1H_t\'8\0Il\0,psOTx]Nu+Nј?];1n\0\0{~{\0>2	߇~4l30v?Mz_.eU\0`0\0\r7\0Iyׅ3Bw!(QpcocurwuuK/eT-3QB{ee{i4\Z\"2/Z jh6t	ǉ0W7I\"^F\n!}@esx4?	XkEeߞeZ6>Y6Ie{_.\no\ZHh^CZ:t\'E1NN3-o\0_rr`\0bNolEѸ߸}>oEpoŽ|ڽ8[Q8ݸ(MzEƘo냞~\r\"˲ 4Moy)[\\\\_zZ{~>pelmmzZk4?E~iizA(}\'e]b}ؚ!eBlXk~6XiX/@F/)s{\0Z3w5\Z{gB׃_B5w=r\'O	p\\wۉvSeaN\n\n)Io^{=$|z}Nx{O{\r\0{ʯǽ/+DGo?C>DXkB\Z\0\Z\"v*˲H)Bc;[yc{{nWK)3I[z_zZz/K.;wyh(~;o?{m3=pXt|s&e_n),bA1;P~?va#\'1)e-Moβjٔ3ۢ1Ϭo:1ekퟤi.)%j`	lo7Ay1TNvAbA?%?{wWμTi{/d=|Պ4va9O1SFL@w}6\0rF\078 MSM!ĢR|Eh4\ZcW+F[[[~Xkfݲ[k/_ή]vl?o.\\۳nioAzOaiii Ņ\n޴=ѿ@q#)\0z{tvSk|e\0buC`=>Q\\뵄%ZDJEc~a)7\0\r|m$\\%OpkR^2\ru3Lx\rwZ}Qe?;3.:\n`wv{DE\r\r8Q.Vws>˞{mw_tšEp%_(/4\0W~1&RJ51	0j\0p`QrOhZ;77V-ş?>ٍZ뫝N],,,/+<pv>Kݲ44M#MS9??^Ƙ?5|Z1斔264~$OT$S#BXkw~Jc̎<ϿuiuBE;v\'1~GErZ؊\'f\nۤě;e.Vyމs_w􆋆\r?\\!37m\\:Ԟ;~q?|M@>>w\0V|\0\Z榬jaݎjZSkN])ꝝ/T	!^Zhu/ZkK4MB=6$y`aaa ŕ]5\roah\0>i0ƴ17bIZmݰBRʹ< 6˲A\ZKa\ZRZ۵r&	)DѢ \'|TqwDq((ߥИ\\pK*~붞;v\0/a~Ö{E`\0~*lmwo?%-uOJ@} qOL?vgμ8\ZCp<CTS^b;\"8ayZA7dvv6+79npҥ<Dk5+>y$i4񢯵,E<jѣQF\"MW1I\r+Ze٫Ƙ\Zc ct|m<[Qu1m!D@Z[WC%ذ&.J)370)xs7&yLd?Dxj\0d\0nq;EΤ\Zw]]T._]uո~]iܯ`z8=~H\0u\",Z@)UB4R#E!R\"I/>_q/lee$Rxty1`s3˲AJ(e/F@ŰRj`Rl|eZ߱nho\r!-k~}ti1\"K4\r OGߢa+\Zk\rkm\"ȥR*BI$ƘGQ) ]*UxqW-w}Df/j58\n8ąB 6ܶ鮟aY\n&3\0a!@PƘЭwQQ*SԴ־oZk{B,o}뉧\'НN\'SJ%VOiz>*]z R5\Z\r4Zk+l[k{B}\0a5)ֺeفn_¢?}Ϻ5鿐-f#ߥw\0ZBeۇ8f*ڝ{wZz%?k\\\rvQ%ׅc9qظ}/΂f1{-މ%$qpZUϔZ{Gx33\08}@e	 Yk\n\0~Z[쿟Yk[BL}쾌}u!ɱS^5gR\n[[[t:[a1z?yGŔ{?|?1@΍1b ʳ{>\Zj&Zk)VJx*Sv[QS8Q	醇yn)`JbL|QjlU}~1/VTktzG̸S@f\0\rfssSjRʚ0uutB	!Jǵb}^3&ò\"bR~7J)垵vq\\bh\"11)uQRj)60+Pxl@&i4M1I4\0x\0U`DoK\'QĸwaĬl:_>I\05\Z.C\'p|?9)3ps!3\04\0$IZA\n!\"cjj\ZϱB>R¹򫵶Xm؏7g\ZvY}U5c\0vZRJYet#OZk&pbej\0BeYy(H1_\\P7*Pi)Ϸ?SQdGþw1qO:;@/{+=1hY;@h\0NqKcBRjV_V7	.1Rk-p܏!D1ΰ)2\0t:qW[nB<笵/q|h4R1S0nCAs~Rd#xߣqTyΣf/<(OE<WpT^@hp(l\'\Z<SoG\Z3aQJZI)Rps)&@k}AJcBzwB,ˤ6Ō\0Ve^~5]riw1y8G7JGxU!!skᵺ#a=!C4	3aA@xz8Ո,\0g|HkQoB4 jZyիWU$A5!DC1\'8i;L|]!_McLk{Z-QJN(^Eq\0e~hot:ڏ\"D?Hq?ǙGΤɃ3|[\'ϋtO/u}Y\Z\0\ZSZZk!`XjZF0!|\neYmgg\'B&׮]SYERʆRj Z힪I86BBaqUy>0\0̪8ʸE՚FOZu!Dh+D^8\0)yř\'zt@:Qsj4Q\Z\0\Zә0HkRB5GΣDh\n1CрA(,ktʕ+J+$8bj.zX^	\0fJ|e2l\n|@kmZk3)AoB}ke4oAu6{Q>=c2bvRtpp\rG+?wL!pRS9rc:t`Opz\n_<g}@EE<ϿZEтr͛\'BW_}5vZ6/\\V){&L+v&Ì\"u=L$FJi6MS#F;C\"QY2~\n\nw\\4\n\"z\Zwŉ1TC!8=;8!;}ŅpwQ9}1<w}y$4\0V%ͦYo\0F\0cf	)巇axNJlj\\t):Ρ\0!x׻ՔRse)jZ0;;{3_Y&S1 RjНU:	˲S?褨Y8yaڅEw\"?J$\ryo<Næ/\0VgMqq8,\n;\0(\Z\0\ZS1Fa(RbX9~3\0Zk`qqz#BA\n!www/_!ĕ+W۷o8.+`,\\b3\0\n3;\rma{~QB$(07[	G</b/<AǓ\"Ãk诪y[P>zL:S?pqk\0Vh)}ũkÊ\0e8s.,kJ2z;w˗!Ȭj`\"z׻^{v(ZUJWJ]``\\ha]^\\ǙA/ lyQ3\rFeO&i\\ا*i;N7\"?l \"Ig\02xNror7qw=	~3_#g2+\0{L\nE#IQ\'M!`\n`1\rw1\0kkkYkvER^l4\Z8^l>\n!ć>੧nܸt:aAp1KZ_זG-_\\eâ{n5`*U8OKkQ~$:;;$>jQ~eRFE~O\n\0Zwq:؝6꯹\\tgqC?3\0k@	!\0be}14MaYjZ/繬*Ko}>6tB\\zU]|Y}_8+0\\RJ]PJ=azE(uun5aC\0##qK)WG h0~+DRQ>Qi>UWTjϯǧWџ^\0?/Si\0\n}4_aV&rWk,˰_jX)\0>iv$줯z~}%\0a,DrmmM~\r,iz}Z[?U޽UdYvi36Be\0hH)mVnw#*%N[ǠsN~-	&~51.E\'ug\n	KX\'pw\0~bB밨Sx|ŔR\ncBPeg,ٳgvB|,Oy~Z]kmt2!Dd,aX᜔rIJ&|\'@ˋUaz\r$!?l/I.LH;~1Ӳ\n0zبu<Foۼw_\0~	ЅGY8X0NvhOp}Gᓌɲ\03VimR߫j_Zh[^VKyd#\\wHJYR	!o~搦`ޢ9 _QÑ?!e}bri*Zt;Gte=\n?]g(F~Dϫ\Z\"@(V+_hAeC^ަ~a~5kmZ+Rf=ƘwH)QץrE *>\"`cXN[g`Ge$9_Ci\rm{\"oO~,|h?U\0/|\0?;^~o>z\0h\0Nmmb&/^y-MӷikD6zjF^o\Zbpϭ0|*ہ)nLavAi{\ZW;YIs֘H0~s|I_ xen8ewΧџ 5\0<ك~=s4M΢!˲%Ry\\! R\nZ\rFz}PhX\'T! r풥V$I\"~\ZBJE;_\nnr9>l@yǱIrr)|qSH\Zd~@FU^}]_((E\nS)a2U:\0!Ĝ2BvUT@k(cJߏS*OrH$|bS~ܶi\0ȱG	a=	Mbo!Ģ! {^VJ*!}o~	I*#v2ŰbhsqsZy_N2ͼXwxK&T㧶7,q8K`}͝/E\0\rY)1fNk R*c̬bBJU9A$*!W%$XoxL@q4qYXpgџGO?\0\ZS%cQlQ&IF`tQ=ߴ_@ZW(\ZZH)7\0<J\"XV_Xeyf?	՛BsV5/5`cG9nq,u\0.P\Z_\Z\0A0H\Zc,pVrX4?`Ů}s\0@VCE_vy)֮H)/Zk؅Ƒ$IGCޢ\nhH4GFy]iA(.bߋП6qs,s90q	#0Ƙ\r*\">NGi\rk35Zk4\Z\ry\0cZ-XkZfz`X![t=jV?ssTdTuQfſ_|̛\'|~\0-g4wV|?Ϟ)4\0\0dYf \0b/xb=_t7?a\0WJW\'])~ZR5k*Ro)lRJZk1FcDjŰ4N\'dO\";>>d}7yEn\'\0\ZSIVb-a#r]q^| 0??&I<?*ÎF(5cLAtjVKo\Z2l8B4IȆ߿q~DtswbRW;UX05y{Ϛ)%\0\r^[!`#\0Fu\ZI+5~|ub6Z zx\r;FgƘ[I0@uuIZ1\"ЯVS>_Yc\"~h-9UҔo4,<w<q)@@pR,ˌ\"Bt1|\"I>s\'6p\0\0!5bMaXId/˲8ҟJTpp(5#T\ZqI7*f\0p\\z/5Ln#J@,\nE,;Y?\rfnnv]\r@!1f`\0FQ{/jFm~5(>a믻\0vwwc2yuq\0~JҦ	w٨E8.\nPSpdĆD{a՜(Wyoןs\r̈p={x<	8<sfqqѺ\09=?ذ/3It\'A/GB[p\\-@լ@qF5M\ZIZ\0+/ZݨV0CYw}Rt?]+_%m(azjB]Fw!\0\r35zOb[\0\\݂@^!{g_5\'?jy/\"[_Z)\0\0JҸ_AǴѳ\r0Ap8Ӡr/(#paa^G	,˰SiM.j ut	¤lST텥A	ٓcWe+f +bHd{)DQSx/ϮrE}y@xGK\'tw\r@^02y\Z-o\0=}W~\ne$,#D(	8O3aku\0ǝ.;뢼IY.\n~8Qm%5λaE\0\\`Pi)Ff{޻q7*\rs3Mycϭ>7ql@r4Ǹ\r\0X!ZgAt\0$ښ/5`Uvv=_Q!:fggX6@jχ:=\r|NHbwU|yyꂈ-9w&50~@y0QE׷rνK涴XEП;yM~\0.o?d4שf8}ah4ƘZZkZZe/},Zlll MMW.a+3i^z{EN10m$r\nſ,FV\0vkY݉X\'v9R\'KV>)x*gw{ꄹp)\0--+r:6k\0n~sٱw`\"bi,\08e4l$:@j5ƬdYZ6\n8l*:L<vZ\0>!6$+\04sڷuݿeٻ֘	Nx?yc{{{z\nuQ1\n~o9g\"&9ܭg+狸>qw@7ow/tǐ/\0~gN\0W~t\0\ZŠRibǯI?,>BƘy~ne!DTYk#c|B7<RJjsWp?65ܹsZ8xRL׹\0	w}\0~S(q\'UUV\n8Lp:{\'\'Ǘ<Cb[\0}/џqˀ=q˸\0\0\0N\\7@yEQfZ֥/ΧFSR@έl47Z떔2R1&DNRevNo\0+R<OkOsF\0/(m\0Tqq:5Яpip+\0D=v)ZQh\r\0\rfnnJ)67Ƥ\0nzP^wr\0)%::֟@?%|-\0vsss8ޞj]Ƙ$ygFѸg$SRܿQa;;;F20C߃y>Ed\0>\\wѶxWuo_38;59\rtsϙeq&H0VYwڿ%_,\0?\'}E:0+7$ylAn̢AUfTɱ\0@\0|\nKA?K\"`̓Ϣ?ܿmg\02\0Xǆa6B2dy#I;E~Xb:\\k8avֺh4z/_>i[rzy޵ֶmc̵<,;lFQFeZbggOe?>i~NFd[Hh\0N0RLj;\r_8L8cYX<!2YXX>̝;\"5߬hTa\\b{!bwwYD.n}\Z\'ĉ=>={`\08u#RHneY^74B$~ꟻ,LJ<a\n!kkm2ʔTi\ZC$r鸈ޏWX-Ff$0\r\0\rgaaH)<}1GCp80| aJkJ+Ua._fGWE18<]	txBP3\04\0? <RJk\0_//?_@]Q7Ƅ{{{g\"+TƘZ	!RRc#i\\Vnv!04\Z/!P~\r*\r\r;4A@pAh)eykƘ8MA[^ħlF\r@EBSJRnk_җ(7/B-rN1\'جIE淅{8AGh/3N߃0k1$` \rBVBLhYk^o	(v5\Z ւ X0:@!BH\0J#IYkbI)Zv`]8>(<x>~&qNMg̠\n VH\0P`aaAeƘֺkY=c5ܙ$333zjR<c)ZV^O04.\\L$t:3a\n!).c^(N\rpAe㷄:S\0}]o\0Bg_{I-ߞ`/腅<MDJQJ+OWe8fSeR)v$yJ1f^qV)G(z/T\\`TA4?IG9ߏ~kgOb׿\Z)U\nNp^E\rp,\0x0z=K$R\0KtxX],	,..bggI0Z;޶ֶ1J)CklR333\n\ZWi\'a\"N>~\0_>}i@QuJ])e+Y}CCٜzpzYZZ{a)T@\Z5ƄR9ck퇢(:7333Y܏a&eRq`ww	9\0\0&@`\0\0w˓7(qwQ\"BP`WWWv	!ZBv/oՅb3hZ^<ϿH)kڷAЌhP0,\Z\'\Zb!w߀gwO]\0x+++Y)A|Zkqˑ}w}-Aq`Ł3y	!°߯h>\'3$\"Qj臐3\0x\0F#vcٵ־[\Zv/V0b?P9_|IVnF?i$E]\Zuy\r 1t1{BOuQwQu,E3@k\rB\\*_-IZ-~!Ӱ\Z/}KyEY\0-!ħ<zQVYh7L>[_O9EP\Z30;;)|G;\0>)=cUab?IYgRq BA7\0L\0<`eeEac:Ƙ]!fYfz`\n`yiW7^_I~%l\0\Z|3Veyw\0^2Ƽ PezGy9?Nir3i\0,\\Almi)MSt:{\0vԂAdQF`Zz;\")x\r\0\\7\0/r^u3Z/z=0.+\r3\nU\0U\n~KӔ7\0G` z<7t:y);Kc%-\0`?Wxd\0Ƙ-kq3%ĿjaB\0@oÓ\n\r8sL\ZEQWk`KJyz=W	,鯚?2_t:O9\n\0cp\rҗ$A[Ƙk\0~%cZA-Tj&,#]ܝ47oLkZZk\0gZz=t:K8Qe0Ɖ,#Sk\0?\r}=\0\0ϧYuY/fYv,6\ZUzWx9=^nqd	%fg5x?}@]1R	3g[ּ\\oB|Rϣ^Ck=om3>{{{?^??gS}4\0,V\0 5\0=/xe\0\Z\03\0+fcc#]\\\\wZ77\Z\r!W5\0U2\\oc߱\0?_:=.Oۂs?\0x#L\0<FX\0zww7n6k.;JgYiławRT/_iʢ\r\0N[?\0H\05~w~~EiЙm,c?\r\0ayZR׵4M@Pۿ8nZ~g	8g|\nX%E?;%\ZeZ-RƘZ<~9p\\_ujqÝcx<;\'\'N6h\0iO\n{\\h\0?VaܦYy=a`&$nKb&	ޏ\'e\0f1?$0ϯ#F?兟O@/\0Xk30TI>Yq\0_@?9|!Y\0kn,\"΂)\Z\0rG1fiC?1.	\0EKxj\0\0XM\0~_Bh\0J̀|?4?Qpwq\0}؝\Z\0\nb~9^y8YiB\r\0G˵\0ဪ<v!B\r\0_c(C0L\'U1ſ9O!4\0g\0\0ۿ|[ۅ\\BuXps#4M$	<!0@NS6`W?y1t:<؄B@\0\rz|Қ!SqlK!4\0AÖ=.Z/!<p\nV	!\0rO+!0@Nq\0Uab_9SB@N؏}Rt_U\'=`oIB\r\09)gq|^@;@@<\r	\0\0I2\02\0/-\0|;xS\0\0qo/9#P@w8SG\067rK0)\Z\0Be\0ƙ*_OQ8i\0ʝ\"\02)2k_pƠoyHC`\0|\r@N3fd9g\0xL/$}H;	&G։*d)x\r%SL[c	Y[qZIЋ^y]#}}7\r\0ſ\'SP30Eԝ`or\"ޮ(EYwiFlW\"4\0>mßn@~4\0)U\n[8I6eӦ\0λ]uYv&<xQ\"MvQ-%Wڇ	z6[I}N>1@h\0#p\Z\0[SLtjHh\nBo\nbC?5>~;~q*=uQׂ3FZ|1]`4m|o\nq%!wS[g	\Z\02V1Uß)\'˲)6|JY2o{iHA.no)<9ED̻}.s`Po[\0)Q(Aׅ\"Mh\0Q>!\0C2ſ%5(102kCn#Ky].ɐź\rs%âq)Qy; 60N׳,{df\nJ\0c0leʂ-GgcF=N\0T6\0(pQďRL7i̝Nh\0gL/Ǟ+\Z}#16tʇE(\0<&4qcX0|FaaauhFN\r	\"$	?h@!4\0?.5e~	!LSNi?)9J,;s	!\0&`9VxB \'e?IBxT3ğBEA?ogB3\0۲	$yB\rèK3,w9_=J=(Eh\0k\0c娿wzZ<BQy/4\0?!1d\0RgT\n?rBM,\">4\0\"е2 sm?-IӺoqV8!G;?R`x?;x@h\0ov3!DZZh>\nߌ1H7\0\\6`!~/\0/{@&ؕRό1Ȳl`)\0ݏ< 3ѩm\0`ӝ4\0ȓ$\n!1/cjueH!Sjd\'\0\'~WE[\0R\0\Zoq1\0\\N~w\n@1fEq;<}BPJ<O0\0~mllR@\Z\0\0p:o1I\'/;79Q;.0YicL\"ؗR`~	 |q?\0~>!ǆWܹ|׶\nK\0>m7\00P<	{V5Mk팔rTJͤi\0PYoǝ?淵~:7\\C?uw?}ϬB|\0@	`t[[mO\Z1z7=v})\\c&Lxd@\r\0Dz[kky9r)Ich_vx}ς0Fq3dľ.ژs(lG=/h\\s?/s߼kS0^h\0)0?VF?x[M.ukrr猂sCP:/Aya@~^ y,kgPbh\0?xQe)?0?ҏ_*Bipn(nlQf9E\rQ:e\0?)\0|BNa*B!6\"Bh\0!B@!\Z\0B!\0B!B!4\0B B\r\0!Bh\0!B@!\Z\0B!\0B!B!4\0B B\r\0!Bh\0!\Z\0B!\0B!B!4\0B B\r\0!Bh\0!B@!\Z\0B!\0B!B!4\0B B\r\0!Bh\0!B@!\Z\0B!B!4\0B B\r\0!Bh\0!B@!\Z\0B!\0B!B!4\0B B\r\0!Bh\0!B@!\Z\0B!\0B!B B\r\0!Bh\0!B@!\Z\0B!\0B!B!4\0B B\r\0!Bh\0!B@!\Z\0B!\0B!B!4\0B Bh\0!B@!\Z\0B!\0B!B!4\0B B\r\0!Bh\0!B@!\Z\0B!\0B!B!4\0B B\r\0!Bh\0!B@!\0B!B!4\0B B\r\0!Bh\0!B@!\Z\0B!\0B!B!4\0B B\r\0!Bh\0!B@!\Z\0B!\0B!4\0B B\r\0!Bh\0!B@!\Z\0B!\0B!B!4\0B B\r\0!Bh\0!B@!\Z\0B!\0B!B!4\0B\r\0!Bh\0!B@!\Z\0B!\0B!B!4\0B B\r\0!Bh\0!B@!\Z\0B!\0B!B!4\0B B\r\0!B@!\Z\0B!\0B!B!4\0B B?\0#\0\0\0\0IENDB`','car.png'),(39,'01-111-ac','Kaltert','2001-01-01',100,163,NULL,''),(40,'01-111-ac','Kaltert','2001-01-01',32,163,'Exif\0\0MM\0*\0\0\0\0\0\0\0\0\0\0\0\Z\0\0\0\0\0\0\0b\0\0\0\0\0\0\0j(\0\0\0\0\0\0\01\0\0\0\0\0\0\0r2\0\0\0\0\0\0\0i\0\0\0\0\0\0\0\0\0\0\0\n\0\0\'\0\n\0\0\'Adobe Photoshop CS6 (Windows)\02013:10:29 14:10:20\0\0\0\0\0\0\0\0\0\0\0\0\0\0\0\0\0\0\0\0\0\0\0\0\0\0\0\0\0\0\0\0\0\0\0\0\0\Z\0\0\0\0\0\0\0\0\0\0\0\0&(\0\0\0\0\0\0\0\0\0\0\0\0\0.\0\0\0\0\0\0X\0\0\0\0\0\0\0H\0\0\0\0\0\0H\0\0\0XICC_PROFILE\0\0\0HLino\0\0mntrRGB XYZ \0\0	\0\01\0\0acspMSFT\0\0\0\0IEC sRGB\0\0\0\0\0\0\0\0\0\0\0\0\0\0\0\0\0\0\0-HP  \0\0\0\0\0\0\0\0\0\0\0\0\0\0\0\0\0\0\0\0\0\0\0\0\0\0\0\0\0\0\0\0\0\0\0\0\0\0\0\0\0\0\0\0\0\0\0cprt\0\0P\0\0\03desc\0\0\0\0\0lwtpt\0\0\0\0\0bkpt\0\0\0\0\0rXYZ\0\0\0\0\0gXYZ\0\0,\0\0\0bXYZ\0\0@\0\0\0dmnd\0\0T\0\0\0pdmdd\0\0\0\0\0vued\0\0L\0\0\0view\0\0\0\0\0$lumi\0\0\0\0\0meas\0\0\0\0\0$tech\0\00\0\0\0rTRC\0\0<\0\0gTRC\0\0<\0\0bTRC\0\0<\0\0text\0\0\0\0Copyright (c) 1998 Hewlett-Packard Company\0\0desc\0\0\0\0\0\0\0sRGB IEC61966-2.1\0\0\0\0\0\0\0\0\0\0\0sRGB IEC61966-2.1\0\0\0\0\0\0\0\0\0\0\0\0\0\0\0\0\0\0\0\0\0\0\0\0\0\0\0\0\0\0\0\0\0\0\0\0\0\0\0\0\0\0\0\0\0\0\0\0\0\0XYZ \0\0\0\0\0\0Q\0\0\0\0XYZ \0\0\0\0\0\0\0\0\0\0\0\0\0\0\0\0XYZ \0\0\0\0\0\0o\0\08\0\0XYZ \0\0\0\0\0\0b\0\0\0\0XYZ \0\0\0\0\0\0$\0\0\0\0desc\0\0\0\0\0\0\0IEC http://www.iec.ch\0\0\0\0\0\0\0\0\0\0\0IEC http://www.iec.ch\0\0\0\0\0\0\0\0\0\0\0\0\0\0\0\0\0\0\0\0\0\0\0\0\0\0\0\0\0\0\0\0\0\0\0\0\0\0\0\0\0\0\0\0\0\0desc\0\0\0\0\0\0\0.IEC 61966-2.1 Default RGB colour space - sRGB\0\0\0\0\0\0\0\0\0\0\0.IEC 61966-2.1 Default RGB colour space - sRGB\0\0\0\0\0\0\0\0\0\0\0\0\0\0\0\0\0\0\0\0\0\0desc\0\0\0\0\0\0\0,Reference Viewing Condition in IEC61966-2.1\0\0\0\0\0\0\0\0\0\0\0,Reference Viewing Condition in IEC61966-2.1\0\0\0\0\0\0\0\0\0\0\0\0\0\0\0\0\0\0\0\0\0\0\0\0\0\0view\0\0\0\0\0\0_.\0\0\0\0\\\0\0\0XYZ \0\0\0\0\0L	V\0P\0\0\0Wmeas\0\0\0\0\0\0\0\0\0\0\0\0\0\0\0\0\0\0\0\0\0\0\0\0\0\0\0\0sig \0\0\0\0CRT curv\0\0\0\0\0\0\0\0\0\0\0\n\0\0\0\0\0#\0(\0-\02\07\0;\0@\0E\0J\0O\0T\0Y\0^\0c\0h\0m\0r\0w\0|\0\0\0\0\0\0\0\0\0\0\0\0\0\0\0\0\0\0\0\0\0\0\0\0\0\r%+28>ELRY`gnu|&/8AKT]gqz\0!-8COZfr~ -;HUcq~\r+:IXgw\'7HYj{+=Oat2FZn		%	:	O	d	y						\n\n\'\n=\nT\nj\n\n\n\n\n\n\"9Qi*C\\u\r\r\r&\r@\rZ\rt\r\r\r\r\r.Id	%A^z	&Ca~1Om&Ed#Cc\'Ij4Vx&IlAe@e Ek\Z\Z*\ZQ\Zw\Z\Z\Z;c*R{Gp@j>i  A l   !!H!u!!!\"\'\"U\"\"\"#\n#8#f###$$M$|$$%	%8%h%%%&\'&W&&&\'\'I\'z\'\'(\r(?(q(())8)k))**5*h**++6+i++,,9,n,,--A-v--..L.../$/Z///050l0011J1112*2c223\r3F3334+4e4455M555676r667$7`7788P8899B999:6:t::;-;k;;<\'<e<<=\"=a==> >`>>?!?a??@#@d@@A)AjAAB0BrBBC:C}CDDGDDEEUEEF\"FgFFG5G{GHHKHHIIcIIJ7J}JKKSKKL*LrLMMJMMN%NnNO\0OIOOP\'PqPQQPQQR1R|RSS_SSTBTTU(UuUVV\\VVWDWWX/X}XY\ZYiYZZVZZ[E[[\\5\\\\]\']x]^\Z^l^__a_``W``aOaabIbbcCccd@dde=eef=ffg=ggh?hhiCiijHjjkOkklWlmm`mnnknooxop+ppq:qqrKrss]sttptu(uuv>vvwVwxxnxy*yyzFz{{c{|!||}A}~~b~#G\nk͂0WGrׇ;iΉ3dʋ0cʍ1fΏ6n֑?zM _ɖ4\nuL$h՛BdҞ@iءG&vVǥ8\ZnRĩ7u\\ЭD-\0u`ֲK³8%yhYѹJº;.!\nzpg_XQKFAǿ=ȼ:ɹ8ʷ6˶5̵5͵6ζ7ϸ9к<Ѿ?DINU\\dlvۀ܊ݖޢ)߯6DScs\r2F[p(@Xr4Pm8Ww)Km\0Adobe_CM\0\0Adobe\0d\0\0\0\0\0			\n\r\r\r\0\0\0\"\0\0\0?\0\0\0\0\0\0\0\0\0\0	\n\0\0\0\0\0\0\0\0\0	\n\03\0!1AQa\"q2B#$Rb34rC%Scs5&DTdE£t6UeuF\'Vfv7GWgw\05\0!1AQaq\"2B#R3$brCScs4%&5DTdEU6teuFVfv\'7GWgw\0\0\0?\0TI%,\'I%-	Bu\'EvnY;A7=豩)[ʵ1orW9.#cρuղݗ:OdVٝJ{\0FuO.©Ց[;`tX<.qɍq FQ}eacPBD_S>?\\9>mp67\"0CsLpAD1Hb\n2J\0TI%)$IJ^m6r4V\'ӟWb⋺߫E.aeWn+.m8WL~S?zj+s-VUf-?PzΖ1v {m1uq(.ml%\rfw*a>m:SjSa,x<5^K!W:~C\ZjSrzFd1FCNc}\\\0)cW\0r\r~saLS@╫@g:oqNːI%u9)N\'Ϗ~́0ǫS6_׀\0Xw{^Y%&Gcޕв\"X]KmgkOZ}Yux\'ټt|bcЇp=N2ȶP}jErVz9?&c֝ZmoA{JMQB@Hd[]K{=C&~]KYA:C`q\rSmPc-]\'OuRt-oO6G_Sv8\Z#D)*MX,vb1K2>aI{!}=[Q-!֑4V>t@$ʓK[[y?w@LGoT\0\\֒˓z\'s\0WyM0W\0:Bnq##_ֿ@OoMl\rNS7\0փ>2RSӚHz}9Яq`\\ c\\+,\'lc;[R̜OK\Zåۡ6]ndXcyi;Tj 1xOk$B=1ζl18+WzYSVI=s\'D\r$(&C@Q}\'A2T&A	Hma\0Uw{cY:΁I@ W2`jS	))twSb#&KV6WXq8?/@\'`ވ:~=}w>it7荿}oclx9sLGo?e{eq%\0)>8˳7tk.;K[K7VہT\0\0z.uO7v̌+-9w߽[aʬuWӵI9@c3ؖ#@8PR\\g[\0.!Ifx\'z\r˴~5Z\0A24B1GcenLٍEv8sgH 8PF WgّiGαy/eϹ1^s.9O+\0°ޡ%\'lkMjX\rxGYzTV˳n;w)ESfىs/hO~>-U^mv+ȱEB8=֟wzlFFO%YWdX\'rܭXTI\'2J?	Rk	Ɯ!%>,2xG>X<\rn\0m]nk2[B^\ZŕΖU1p\0ɯU99\0$S.~MfTHkaߝF\'e[?|D,EE\"䙑cys|d{ȶ~*\'BYb\\\rKTN9Y[	\0[Z,=G/KƼdc{~1)0e\Zw\\\ZaR߁\r^@gw?411\Z~]c\0Ԯ\0ecVKu1A#tTG!C: oꅾQ}_5Uձޛ\\\\7VkwU+\0p<<,OJ+qCc\r4Cu[};Ԡr\0\0?gJ{5ec$ħ7;RBՒ|O]n۰_t8zGo\Z[5]\'K>Sy!p\0C܂w_lX<Z?˛B׭u\\&C{L7hi`ֱZ?HC(Ui\0u*NDI1\Zޅ΃2lM\0MI~U?5^8ǜWL,y\'psr?jߠ#UOO?Mk#/u/8A4$\\@\"AH8VX(k~HwbRUjԇLXynG|\Zrw#\"6A!Photoshop 3.0\08BIM%\0\0\0\0\0\0\0\0\0\0\0\0\0\0\0\0\0\0\0\0\08BIM:\0\0\0\0\0\0\0\0\0\0\0\0\0\0\0\0printOutput\0\0\0\0\0\0\0PstSbool\0\0\0\0Inteenum\0\0\0\0Inte\0\0\0\0Clrm\0\0\0printSixteenBitbool\0\0\0\0printerNameTEXT\0\0\0\0\0\0\0\0printProofSetupObjc\0\0\0\0P\0r\0o\0o\0f\0 \0S\0e\0t\0u\0p\0\0\0\0\0\nproofSetup\0\0\0\0\0\0\0Bltnenum\0\0\0builtinProof\0\0\0	proofCMYK\08BIM;\0\0\0\0-\0\0\0\0\0\0\0\0\0\0\0printOutputOptions\0\0\0\0\0\0\0Cptnbool\0\0\0\0\0Clbrbool\0\0\0\0\0RgsMbool\0\0\0\0\0CrnCbool\0\0\0\0\0CntCbool\0\0\0\0\0Lblsbool\0\0\0\0\0Ngtvbool\0\0\0\0\0EmlDbool\0\0\0\0\0Intrbool\0\0\0\0\0BckgObjc\0\0\0\0\0\0\0\0\0RGBC\0\0\0\0\0\0\0Rd  doub@o\0\0\0\0\0\0\0\0\0Grn doub@o\0\0\0\0\0\0\0\0\0Bl  doub@o\0\0\0\0\0\0\0\0\0BrdTUntF#Rlt\0\0\0\0\0\0\0\0\0\0\0\0Bld UntF#Rlt\0\0\0\0\0\0\0\0\0\0\0\0RsltUntF#Pxl@R\0\0\0\0\0\0\0\0\0\nvectorDatabool\0\0\0\0PgPsenum\0\0\0\0PgPs\0\0\0\0PgPC\0\0\0\0LeftUntF#Rlt\0\0\0\0\0\0\0\0\0\0\0\0Top UntF#Rlt\0\0\0\0\0\0\0\0\0\0\0\0Scl UntF#Prc@Y\0\0\0\0\0\0\0\0\0cropWhenPrintingbool\0\0\0\0cropRectBottomlong\0\0\0\0\0\0\0cropRectLeftlong\0\0\0\0\0\0\0\rcropRectRightlong\0\0\0\0\0\0\0cropRectToplong\0\0\0\0\08BIM\0\0\0\0\0\0H\0\0\0\0\0H\0\0\0\08BIM&\0\0\0\0\0\0\0\0\0\0\0\0\0\0\0?\0\08BIM\r\0\0\0\0\0\0\0\0x8BIM\0\0\0\0\0\0\0\08BIM\0\0\0\0\0	\0\0\0\0\0\0\0\0\08BIM\'\0\0\0\0\0\n\0\0\0\0\0\0\0\08BIM\0\0\0\0\0H\0/ff\0\0lff\0\0\0\0\0\0\0/ff\0\0\0\0\0\0\0\0\02\0\0\0\0Z\0\0\0\0\0\0\0\0\05\0\0\0\0-\0\0\0\0\0\0\0\08BIM\0\0\0\0\0p\0\0\0\0\0\0\0\0\0\0\0\0\0\0\0\08BIM\0\0\0\0\0\0\08BIM\0\0\0\0\0\0\0\0\0\0\08BIM0\0\0\0\0\0\08BIM-\0\0\0\0\0\0\0\0\08BIM\0\0\0\0\0\0\0\0\0\0@\0\0@\0\0\0\08BIM\0\0\0\0\0\0\0\0\08BIM\Z\0\0\0\0I\0\0\0\0\0\0\0\0\0\0\0\0\0\0\0\0\0\0\0\0\n\0U\0n\0t\0i\0t\0l\0e\0d\0-\01\0\0\0\0\0\0\0\0\0\0\0\0\0\0\0\0\0\0\0\0\0\0\0\0\0\0\0\0\0\0\0\0\0\0\0\0\0\0\0\0\0\0\0\0\0\0\0\0\0\0\0\0\0\0\0\0\0\0\0\0\0\0\0\0\0\0\0\0\0\0\0\0\0\0\0\0\0\0\0\0null\0\0\0\0\0\0boundsObjc\0\0\0\0\0\0\0\0\0Rct1\0\0\0\0\0\0\0Top long\0\0\0\0\0\0\0\0Leftlong\0\0\0\0\0\0\0\0Btomlong\0\0\0\0\0\0\0Rghtlong\0\0\0\0\0\0slicesVlLs\0\0\0Objc\0\0\0\0\0\0\0\0slice\0\0\0\0\0\0sliceIDlong\0\0\0\0\0\0\0groupIDlong\0\0\0\0\0\0\0originenum\0\0\0ESliceOrigin\0\0\0\rautoGenerated\0\0\0\0Typeenum\0\0\0\nESliceType\0\0\0\0Img \0\0\0boundsObjc\0\0\0\0\0\0\0\0\0Rct1\0\0\0\0\0\0\0Top long\0\0\0\0\0\0\0\0Leftlong\0\0\0\0\0\0\0\0Btomlong\0\0\0\0\0\0\0Rghtlong\0\0\0\0\0\0urlTEXT\0\0\0\0\0\0\0\0\0nullTEXT\0\0\0\0\0\0\0\0\0MsgeTEXT\0\0\0\0\0\0\0\0altTagTEXT\0\0\0\0\0\0\0\0cellTextIsHTMLbool\0\0\0cellTextTEXT\0\0\0\0\0\0\0\0	horzAlignenum\0\0\0ESliceHorzAlign\0\0\0default\0\0\0	vertAlignenum\0\0\0ESliceVertAlign\0\0\0default\0\0\0bgColorTypeenum\0\0\0ESliceBGColorType\0\0\0\0None\0\0\0	topOutsetlong\0\0\0\0\0\0\0\nleftOutsetlong\0\0\0\0\0\0\0bottomOutsetlong\0\0\0\0\0\0\0rightOutsetlong\0\0\0\0\08BIM(\0\0\0\0\0\0\0\0?\0\0\0\0\0\08BIM\0\0\0\0\0\0\0\08BIM\0\0\0\0t\0\0\0\0\0\0\0\0\0\0\0\0\0\0\0\0X\0\0XICC_PROFILE\0\0\0HLino\0\0mntrRGB XYZ \0\0	\0\01\0\0acspMSFT\0\0\0\0IEC sRGB\0\0\0\0\0\0\0\0\0\0\0\0\0\0\0\0\0\0\0-HP  \0\0\0\0\0\0\0\0\0\0\0\0\0\0\0\0\0\0\0\0\0\0\0\0\0\0\0\0\0\0\0\0\0\0\0\0\0\0\0\0\0\0\0\0\0\0\0cprt\0\0P\0\0\03desc\0\0\0\0\0lwtpt\0\0\0\0\0bkpt\0\0\0\0\0rXYZ\0\0\0\0\0gXYZ\0\0,\0\0\0bXYZ\0\0@\0\0\0dmnd\0\0T\0\0\0pdmdd\0\0\0\0\0vued\0\0L\0\0\0view\0\0\0\0\0$lumi\0\0\0\0\0meas\0\0\0\0\0$tech\0\00\0\0\0rTRC\0\0<\0\0gTRC\0\0<\0\0bTRC\0\0<\0\0text\0\0\0\0Copyright (c) 1998 Hewlett-Packard Company\0\0desc\0\0\0\0\0\0\0sRGB IEC61966-2.1\0\0\0\0\0\0\0\0\0\0\0sRGB IEC61966-2.1\0\0\0\0\0\0\0\0\0\0\0\0\0\0\0\0\0\0\0\0\0\0\0\0\0\0\0\0\0\0\0\0\0\0\0\0\0\0\0\0\0\0\0\0\0\0\0\0\0\0XYZ \0\0\0\0\0\0Q\0\0\0\0XYZ \0\0\0\0\0\0\0\0\0\0\0\0\0\0\0\0XYZ \0\0\0\0\0\0o\0\08\0\0XYZ \0\0\0\0\0\0b\0\0\0\0XYZ \0\0\0\0\0\0$\0\0\0\0desc\0\0\0\0\0\0\0IEC http://www.iec.ch\0\0\0\0\0\0\0\0\0\0\0IEC http://www.iec.ch\0\0\0\0\0\0\0\0\0\0\0\0\0\0\0\0\0\0\0\0\0\0\0\0\0\0\0\0\0\0\0\0\0\0\0\0\0\0\0\0\0\0\0\0\0\0desc\0\0\0\0\0\0\0.IEC 61966-2.1 Default RGB colour space - sRGB\0\0\0\0\0\0\0\0\0\0\0.IEC 61966-2.1 Default RGB colour space - sRGB\0\0\0\0\0\0\0\0\0\0\0\0\0\0\0\0\0\0\0\0\0\0desc\0\0\0\0\0\0\0,Reference Viewing Condition in IEC61966-2.1\0\0\0\0\0\0\0\0\0\0\0,Reference Viewing Condition in IEC61966-2.1\0\0\0\0\0\0\0\0\0\0\0\0\0\0\0\0\0\0\0\0\0\0\0\0\0\0view\0\0\0\0\0\0_.\0\0\0\0\\\0\0\0XYZ \0\0\0\0\0L	V\0P\0\0\0Wmeas\0\0\0\0\0\0\0\0\0\0\0\0\0\0\0\0\0\0\0\0\0\0\0\0\0\0\0\0sig \0\0\0\0CRT curv\0\0\0\0\0\0\0\0\0\0\0\n\0\0\0\0\0#\0(\0-\02\07\0;\0@\0E\0J\0O\0T\0Y\0^\0c\0h\0m\0r\0w\0|\0\0\0\0\0\0\0\0\0\0\0\0\0\0\0\0\0\0\0\0\0\0\0\0\0\r%+28>ELRY`gnu|&/8AKT]gqz\0!-8COZfr~ -;HUcq~\r+:IXgw\'7HYj{+=Oat2FZn		%	:	O	d	y						\n\n\'\n=\nT\nj\n\n\n\n\n\n\"9Qi*C\\u\r\r\r&\r@\rZ\rt\r\r\r\r\r.Id	%A^z	&Ca~1Om&Ed#Cc\'Ij4Vx&IlAe@e Ek\Z\Z*\ZQ\Zw\Z\Z\Z;c*R{Gp@j>i  A l   !!H!u!!!\"\'\"U\"\"\"#\n#8#f###$$M$|$$%	%8%h%%%&\'&W&&&\'\'I\'z\'\'(\r(?(q(())8)k))**5*h**++6+i++,,9,n,,--A-v--..L.../$/Z///050l0011J1112*2c223\r3F3334+4e4455M555676r667$7`7788P8899B999:6:t::;-;k;;<\'<e<<=\"=a==> >`>>?!?a??@#@d@@A)AjAAB0BrBBC:C}CDDGDDEEUEEF\"FgFFG5G{GHHKHHIIcIIJ7J}JKKSKKL*LrLMMJMMN%NnNO\0OIOOP\'PqPQQPQQR1R|RSS_SSTBTTU(UuUVV\\VVWDWWX/X}XY\ZYiYZZVZZ[E[[\\5\\\\]\']x]^\Z^l^__a_``W``aOaabIbbcCccd@dde=eef=ffg=ggh?hhiCiijHjjkOkklWlmm`mnnknooxop+ppq:qqrKrss]sttptu(uuv>vvwVwxxnxy*yyzFz{{c{|!||}A}~~b~#G\nk͂0WGrׇ;iΉ3dʋ0cʍ1fΏ6n֑?zM _ɖ4\nuL$h՛BdҞ@iءG&vVǥ8\ZnRĩ7u\\ЭD-\0u`ֲK³8%yhYѹJº;.!\nzpg_XQKFAǿ=ȼ:ɹ8ʷ6˶5̵5͵6ζ7ϸ9к<Ѿ?DINU\\dlvۀ܊ݖޢ)߯6DScs\r2F[p(@Xr4Pm8Ww)Km\0Adobe_CM\0\0Adobe\0d\0\0\0\0\0			\n\r\r\r\0\0\0\"\0\0\0?\0\0\0\0\0\0\0\0\0\0	\n\0\0\0\0\0\0\0\0\0	\n\03\0!1AQa\"q2B#$Rb34rC%Scs5&DTdE£t6UeuF\'Vfv7GWgw\05\0!1AQaq\"2B#R3$brCScs4%&5DTdEU6teuFVfv\'7GWgw\0\0\0?\0TI%,\'I%-	Bu\'EvnY;A7=豩)[ʵ1orW9.#cρuղݗ:OdVٝJ{\0FuO.©Ց[;`tX<.qɍq FQ}eacPBD_S>?\\9>mp67\"0CsLpAD1Hb\n2J\0TI%)$IJ^m6r4V\'ӟWb⋺߫E.aeWn+.m8WL~S?zj+s-VUf-?PzΖ1v {m1uq(.ml%\rfw*a>m:SjSa,x<5^K!W:~C\ZjSrzFd1FCNc}\\\0)cW\0r\r~saLS@╫@g:oqNːI%u9)N\'Ϗ~́0ǫS6_׀\0Xw{^Y%&Gcޕв\"X]KmgkOZ}Yux\'ټt|bcЇp=N2ȶP}jErVz9?&c֝ZmoA{JMQB@Hd[]K{=C&~]KYA:C`q\rSmPc-]\'OuRt-oO6G_Sv8\Z#D)*MX,vb1K2>aI{!}=[Q-!֑4V>t@$ʓK[[y?w@LGoT\0\\֒˓z\'s\0WyM0W\0:Bnq##_ֿ@OoMl\rNS7\0փ>2RSӚHz}9Яq`\\ c\\+,\'lc;[R̜OK\Zåۡ6]ndXcyi;Tj 1xOk$B=1ζl18+WzYSVI=s\'D\r$(&C@Q}\'A2T&A	Hma\0Uw{cY:΁I@ W2`jS	))twSb#&KV6WXq8?/@\'`ވ:~=}w>it7荿}oclx9sLGo?e{eq%\0)>8˳7tk.;K[K7VہT\0\0z.uO7v̌+-9w߽[aʬuWӵI9@c3ؖ#@8PR\\g[\0.!Ifx\'z\r˴~5Z\0A24B1GcenLٍEv8sgH 8PF WgّiGαy/eϹ1^s.9O+\0°ޡ%\'lkMjX\rxGYzTV˳n;w)ESfىs/hO~>-U^mv+ȱEB8=֟wzlFFO%YWdX\'rܭXTI\'2J?	Rk	Ɯ!%>,2xG>X<\rn\0m]nk2[B^\ZŕΖU1p\0ɯU99\0$S.~MfTHkaߝF\'e[?|D,EE\"䙑cys|d{ȶ~*\'BYb\\\rKTN9Y[	\0[Z,=G/KƼdc{~1)0e\Zw\\\ZaR߁\r^@gw?411\Z~]c\0Ԯ\0ecVKu1A#tTG!C: oꅾQ}_5Uձޛ\\\\7VkwU+\0p<<,OJ+qCc\r4Cu[};Ԡr\0\0?gJ{5ec$ħ7;RBՒ|O]n۰_t8zGo\Z[5]\'K>Sy!p\0C܂w_lX<Z?˛B׭u\\&C{L7hi`ֱZ?HC(Ui\0u*NDI1\Zޅ΃2lM\0MI~U?5^8ǜWL,y\'psr?jߠ#UOO?Mk#/u/8A4$\\@\"AH8VX(k~HwbRUjԇLXynG|\Zrw#\"6A8BIM!\0\0\0\0\0U\0\0\0\0\0\0\0A\0d\0o\0b\0e\0 \0P\0h\0o\0t\0o\0s\0h\0o\0p\0\0\0\0A\0d\0o\0b\0e\0 \0P\0h\0o\0t\0o\0s\0h\0o\0p\0 \0C\0S\06\0\0\0\08BIM\0\0\0\0\0\0\0\0http://ns.adobe.com/xap/1.0/\0<?xpacket begin=\"﻿\" id=\"W5M0MpCehiHzreSzNTczkc9d\"?> <x:xmpmeta xmlns:x=\"adobe:ns:meta/\" x:xmptk=\"Adobe XMP Core 5.3-c011 66.145661, 2012/02/06-14:56:27        \"> <rdf:RDF xmlns:rdf=\"http://www.w3.org/1999/02/22-rdf-syntax-ns#\"> <rdf:Description rdf:about=\"\" xmlns:xmp=\"http://ns.adobe.com/xap/1.0/\" xmlns:xmpMM=\"http://ns.adobe.com/xap/1.0/mm/\" xmlns:stEvt=\"http://ns.adobe.com/xap/1.0/sType/ResourceEvent#\" xmlns:photoshop=\"http://ns.adobe.com/photoshop/1.0/\" xmlns:dc=\"http://purl.org/dc/elements/1.1/\" xmp:CreatorTool=\"Adobe Photoshop CS6 (Windows)\" xmp:CreateDate=\"2013-10-29T14:10:20+06:00\" xmp:MetadataDate=\"2013-10-29T14:10:20+06:00\" xmp:ModifyDate=\"2013-10-29T14:10:20+06:00\" xmpMM:InstanceID=\"xmp.iid:3EE6653B7140E311AFB48D99F57A24DC\" xmpMM:DocumentID=\"xmp.did:3DE6653B7140E311AFB48D99F57A24DC\" xmpMM:OriginalDocumentID=\"xmp.did:3DE6653B7140E311AFB48D99F57A24DC\" photoshop:ColorMode=\"3\" photoshop:ICCProfile=\"sRGB IEC61966-2.1\" dc:format=\"image/jpeg\"> <xmpMM:History> <rdf:Seq> <rdf:li stEvt:action=\"created\" stEvt:instanceID=\"xmp.iid:3DE6653B7140E311AFB48D99F57A24DC\" stEvt:when=\"2013-10-29T14:10:20+06:00\" stEvt:softwareAgent=\"Adobe Photoshop CS6 (Windows)\"/> <rdf:li stEvt:action=\"saved\" stEvt:instanceID=\"xmp.iid:3EE6653B7140E311AFB48D99F57A24DC\" stEvt:when=\"2013-10-29T14:10:20+06:00\" stEvt:softwareAgent=\"Adobe Photoshop CS6 (Windows)\" stEvt:changed=\"/\"/> </rdf:Seq> </xmpMM:History> <photoshop:DocumentAncestors> <rdf:Bag> <rdf:li>77F3E904780BF921EC512A73361112AB</rdf:li> <rdf:li>A265C8BA82B3E81C7242A020BBB2D1EE</rdf:li> <rdf:li>CD7B0048D480DF1CFA885AB5B4EA9E8B</rdf:li> </rdf:Bag> </photoshop:DocumentAncestors> </rdf:Description> </rdf:RDF> </x:xmpmeta>                                                                                                                                                                                                                                                                                                                                                                                                                                                                                                                                                                                                                                                                                                                                                                                                                                                                                                                                                                                                                                                                                                                                                                                                                                                                                                                                                                                                                                                                                                                                                                                                                                                                                                                                                                                                                                                                                                                                                                                                                                                                                                                                 <?xpacket end=\"w\"?>XICC_PROFILE\0\0\0HLino\0\0mntrRGB XYZ \0\0	\0\01\0\0acspMSFT\0\0\0\0IEC sRGB\0\0\0\0\0\0\0\0\0\0\0\0\0\0\0\0\0\0-HP  \0\0\0\0\0\0\0\0\0\0\0\0\0\0\0\0\0\0\0\0\0\0\0\0\0\0\0\0\0\0\0\0\0\0\0\0\0\0\0\0\0\0\0\0\0\0\0cprt\0\0P\0\0\03desc\0\0\0\0\0lwtpt\0\0\0\0\0bkpt\0\0\0\0\0rXYZ\0\0\0\0\0gXYZ\0\0,\0\0\0bXYZ\0\0@\0\0\0dmnd\0\0T\0\0\0pdmdd\0\0\0\0\0vued\0\0L\0\0\0view\0\0\0\0\0$lumi\0\0\0\0\0meas\0\0\0\0\0$tech\0\00\0\0\0rTRC\0\0<\0\0gTRC\0\0<\0\0bTRC\0\0<\0\0text\0\0\0\0Copyright (c) 1998 Hewlett-Packard Company\0\0desc\0\0\0\0\0\0\0sRGB IEC61966-2.1\0\0\0\0\0\0\0\0\0\0\0sRGB IEC61966-2.1\0\0\0\0\0\0\0\0\0\0\0\0\0\0\0\0\0\0\0\0\0\0\0\0\0\0\0\0\0\0\0\0\0\0\0\0\0\0\0\0\0\0\0\0\0\0\0\0\0\0XYZ \0\0\0\0\0\0Q\0\0\0\0XYZ \0\0\0\0\0\0\0\0\0\0\0\0\0\0\0\0XYZ \0\0\0\0\0\0o\0\08\0\0XYZ \0\0\0\0\0\0b\0\0\0\0XYZ \0\0\0\0\0\0$\0\0\0\0desc\0\0\0\0\0\0\0IEC http://www.iec.ch\0\0\0\0\0\0\0\0\0\0\0IEC http://www.iec.ch\0\0\0\0\0\0\0\0\0\0\0\0\0\0\0\0\0\0\0\0\0\0\0\0\0\0\0\0\0\0\0\0\0\0\0\0\0\0\0\0\0\0\0\0\0\0desc\0\0\0\0\0\0\0.IEC 61966-2.1 Default RGB colour space - sRGB\0\0\0\0\0\0\0\0\0\0\0.IEC 61966-2.1 Default RGB colour space - sRGB\0\0\0\0\0\0\0\0\0\0\0\0\0\0\0\0\0\0\0\0\0\0desc\0\0\0\0\0\0\0,Reference Viewing Condition in IEC61966-2.1\0\0\0\0\0\0\0\0\0\0\0,Reference Viewing Condition in IEC61966-2.1\0\0\0\0\0\0\0\0\0\0\0\0\0\0\0\0\0\0\0\0\0\0\0\0\0\0view\0\0\0\0\0\0_.\0\0\0\0\\\0\0\0XYZ \0\0\0\0\0L	V\0P\0\0\0Wmeas\0\0\0\0\0\0\0\0\0\0\0\0\0\0\0\0\0\0\0\0\0\0\0\0\0\0\0\0sig \0\0\0\0CRT curv\0\0\0\0\0\0\0\0\0\0\0\n\0\0\0\0\0#\0(\0-\02\07\0;\0@\0E\0J\0O\0T\0Y\0^\0c\0h\0m\0r\0w\0|\0\0\0\0\0\0\0\0\0\0\0\0\0\0\0\0\0\0\0\0\0\0\0\0\0\r%+28>ELRY`gnu|&/8AKT]gqz\0!-8COZfr~ -;HUcq~\r+:IXgw\'7HYj{+=Oat2FZn		%	:	O	d	y						\n\n\'\n=\nT\nj\n\n\n\n\n\n\"9Qi*C\\u\r\r\r&\r@\rZ\rt\r\r\r\r\r.Id	%A^z	&Ca~1Om&Ed#Cc\'Ij4Vx&IlAe@e Ek\Z\Z*\ZQ\Zw\Z\Z\Z;c*R{Gp@j>i  A l   !!H!u!!!\"\'\"U\"\"\"#\n#8#f###$$M$|$$%	%8%h%%%&\'&W&&&\'\'I\'z\'\'(\r(?(q(())8)k))**5*h**++6+i++,,9,n,,--A-v--..L.../$/Z///050l0011J1112*2c223\r3F3334+4e4455M555676r667$7`7788P8899B999:6:t::;-;k;;<\'<e<<=\"=a==> >`>>?!?a??@#@d@@A)AjAAB0BrBBC:C}CDDGDDEEUEEF\"FgFFG5G{GHHKHHIIcIIJ7J}JKKSKKL*LrLMMJMMN%NnNO\0OIOOP\'PqPQQPQQR1R|RSS_SSTBTTU(UuUVV\\VVWDWWX/X}XY\ZYiYZZVZZ[E[[\\5\\\\]\']x]^\Z^l^__a_``W``aOaabIbbcCccd@dde=eef=ffg=ggh?hhiCiijHjjkOkklWlmm`mnnknooxop+ppq:qqrKrss]sttptu(uuv>vvwVwxxnxy*yyzFz{{c{|!||}A}~~b~#G\nk͂0WGrׇ;iΉ3dʋ0cʍ1fΏ6n֑?zM _ɖ4\nuL$h՛BdҞ@iءG&vVǥ8\ZnRĩ7u\\ЭD-\0u`ֲK³8%yhYѹJº;.!\nzpg_XQKFAǿ=ȼ:ɹ8ʷ6˶5̵5͵6ζ7ϸ9к<Ѿ?DINU\\dlvۀ܊ݖޢ)߯6DScs\r2F[p(@Xr4Pm8Ww)Km\0&Adobe\0d@\0\0\0\0\n\r\0\0\0\0\0\0\0\0\0\0\0\0\0\0\0\0\0\0\0\0\0\0\0\0\0\0\0\0\0\0\0\0\0\0\0\0\0\0	\n\0\0\0\0\0\0\0\0\0\0\0\0\0\0\0\0\0\0\0 !1\"A2#03B4\0\r\0\0\0\0!1QAa\"q2BRb#3rc$ S0C4Dt%\0\0\0\0\0\0\0\0\0 !10AQa\"2qBR#3\0\0\0\0\0\0!1AQaq 0\0\0\0R$nHg*Su/kQCn+PPP4No11c,~N,ye^{AAAA(s}cg%_v]/I7D$Q\rLS+3:\n\n,CRmH4E!.\0ᮮLc`X}+})ȳCd5{e\"7d\n$hHjmtbt*8kf`ENX6|#:Qa07q)ѣݬ@2|%s=rd*=<y2fՊ|dWl] ]$έ<z\r$:҂lN#y_瞞\r9[|<>ǐ\rL	Qz>݆<C}aiܷhwGD5{)&}sBHxFuy(kܪ&drkҖ47qZ\r\\vSC&ZW\nnUij#rr*V1\Z73@\\vtF=c	$~\"=Gq\Z.)x8o>vnJ\Z%hFHm*=DxsS2gR|9v=!m䫱\Z776R۩\0\0E@0;m3a۾9\"hQRI.X)rI7\ZН\Z*5E\'\'~/|=wyl[a9g	>9k҄$lm[kJHyMkI1~:kj˽pC^N$.\rvػ֙|lg2[~=E\0cNX@ρ9-xwhh;nlqjY,.~Q]XY&:ן]?R\0A-lRmtYMvH1;!MLwsE̐y\'suFpV0d\\THLFmI]KZjc-뾰\'{uZ>|dccÛ-zz5AnynϺ[\"ݞ({n,$/;KnnGv\"AM[\r8ywfn7ӞJq%8Q2]C,mRXǜ%א>}r1ULŗ6{%&[(NsZE-t7ᑰv{M\'MT&^ A Kb8nx;?{4[;I\0ITS;nd[g̖cj\'[6oA>dd]C%Zl\\rjtaWvǻmMsGydIѮ<fd?q ێxleYgQc\0\0\0iUUM@Z5{#W\ngGxjZ3n:ZE[7\'^a!mޭ.tGUٽL_qwqw4=hh=ä-\ZTDsPF9V՚iZ9sWK\Z⣈1QbG40gd?n]SiӜ1IeZѹv1YW-VNDNKjtFj]1\rN4Қ58U\ZϿz&jGr_TP*}xjk(\07)k@4\"}H4P&?Hܷ}YJ\0\0$:	[70k\Z\"\'[[m1ƞ?IZJ!qkI6\n\0@tD!iHTؖ7)D}_[v/;N]+itϋZ*	OoHI7*[^[jzww?Zqw9C0_ 7q6j!22.+kV(Zބ*gw#]\\@à,{&`YֳKxNp]ZE^?$nҭemyCҼoX\"h/VC9#=\nwpֶIz}9NxpzDq+O-	VՍ=9\0	?\0?>Hi@y/$8,h9n?.TnRSSKuLsrMx8&3/\\V-YRkr\np]\\h8XQJ*A8hx4tvCBӸЃ\0\'4BNoĘp8ⶄno\\A9\n`0,<\0?JcoX5wdEKHUbLs(:qD0$\"dē@E/CԖm9Ú\0>ݜ忳y2N~E,pjy\'X%eaz{H1}3RREKg\ni~9Ϋ%QL0ҫ@~>?l2ڮQx婎LQPP&\"0rC$ŶOO9&)\0?${$n&%qԔPI8彭L@uy)f$I,\rӷ@nx/|KlD_sum6hv#{M:u@m5<K{	tIs$sC2	\"&نFZXVڟ}H#Um%E\';3EHdk]mm=%E8gƣ*v^\nWS<tK)N(G	sdGr!z\",Ԏ*qVU\"RN-C6$ rpeԈX\nQƄknJT=5L[is~d\\ubV@F6iY,.kk䦴WZ5r\rJ\rfLvj;|Xf\n6*#>Ow׎+\'6kX}/ε\ZSC>\n9h;5h3.C>lh	8r=\n#\\G\n$HUHʮ2<c2űnE?ng`	⣁88P_آq؝变%g[xmEb}r,67(l-E{=HC5ȥz1ŘŻ|.o7B=w7DծEF,-!*ca}|um+FCAjxvMkqzbVw`\\Rc\Z<	8ڙ-DmTjMzH\n1{MWQ\'/0o1[ȃɡ}qBr-9\'<~.feFּcS>3ȣ>\"B1\Z#vfFT1\'Jx	.bc$^#:2G`+4%Y\Z@tqadaO`Ko婧<\0O\\<T\Zak!a`2^R\nb-\'8RKUPOi)*z)jcf481^+\\5A,WIUWʑpRAlX\\8bqzcqJ,o6F.(h}Vd= v5S$O2 I}{_AOA2#v/HXXEX{=:I8\Z0i;*S:vʌә\"J%U<{;q3jҮui3~XDeC6\nyS F}5KGՓ@e@bTXF@mexOek\rE!\"}:\\gufü&5ĩ%ͱ>~-J>ѫʙaRHSICFE4|硚胑:ˎB@@PqF#ZQ_\'iUQxjcqtnf~q<y?`^s̓|n<Au]Gb̟wq\' DliU/XMulffܚYn/oy\Z{@凓nG.^`s\r4j2\rFݧ&cT_rO*BέR=9g7KMzwKO[mRRݣ	)`´ºtqdpxuyH83N(2I<|6m1*wii5q+.q267ى6WO~%q[jNuw9U\"ZpO<2ܹ[^i撹һ;s.Cswr654Z2\0֛yHI}.v^xա\0T[|])lV93qmd$Nsƍ|.l[gp$Wp|˱uL9ƥFWv+vilKpi\rϹP#ZLJ\'Dv0]o/,{r[^O\r#AC5j⧏ӌ½xP+N5|8nyY<ViAx2ki`W>MۋMonV=IP#M%5֡oTOE\'D\n)զ\ZYr9cǤ}p3NTey![KQB[M]\0?[2{*h4AJBp۫nw4㌸bU$(}>*6F\Zj2{\r>P)YqpfuJ\nMG#\0{<t4hGBD#a0ز\"N17$\\n\rD]?e7ޭ}8Px҇ξ-91-h/MWVStƸd8}>r ЃG	i\Z./\0zZ>?Ukc%1!P{Gf\\\0:5>wc฽Gd\"4p^+J-fO@bF_ӷ܂8\n9y#\ZEk.CE$	`:yY}\0Dv.^FZ$l۳6\\ZL	n4xH67x>:KomzqZUH\0qO!d\n?|j{x\01[׼\\@ 3x.DpE*{=ohHʭSsT0Wd0ote7m,8~-髧iq[K)8\'cs/:Ks#/qǎ#z0<T~\0~>Md`jB)㡌¿}BS5ol۬nb0ECi\0ISfP\niU\Z\\\0?!({Jt=aN؝،&fž34\0Zx4%CS%8紻@g/HPy2	ѐq&U.dJRAucP̮:53*#Qȃ\'-E:@05!TF_6<b*z?숎urTTe!IeԶoAbP\Z\Z\0ҩ[vv#q\'r\0C~>,B@\0@ (A<s<Y/8F\\f\"	#\"v,P>{[9+L¹\Zwv뱡×cQψRzXI2Aa\\\'Me(|,ʆ[U	PhR\Zv,S\rkQV9bt^{ׯo:Yr9%Hp2:OO&09\Z6Z\"1*h˳L2}l֌\Z8*=\'ĪD5(2;Xd˸)n`l\'$,A 61RfF(9^@b!㫽B55Ŧ^R.\'(m:&Xl]W.\n[XCI5&\\p\nhZ)n8}*l_@M:k\nrh`li{>{;u\ZyL%ʵj41|\"fi,\n\0wRVu3Xٱ\"/R%XƂ\0T&rLB|mJne1\Zzow7=#~7bʢLQP\\ـ^W\'L$\00a9hHH9C\0TwWҺD>\080\nNPEIPH/Y%~4f\0TpAҶq/x͌å\nB1bi1\0ZXP߂[հ2zc]U:-L,p#`2j [\rU՚tQzD}4\Z\'lPacܥ?&<\"|ch=Ki.Q)KldLD͹˘K{beqضWFf+C1۩\r8f`Ub(4œ\rKu9T4N*DlJYM-A=]XӕUjDCx]l=yyu\0-9#+61A:nĤJy?ưht߈t,?.wJLJ7*+xB/YkW!\0k}aGInV.5M,BR鞍bD}?=aׇs^\r	7D`\'kU7;ӤTZt#ϰԹpZZd]#Y} H	IY\\4pei]a\0ݧvnNma.H0pȬ.\0F$aɝS(rWAw(os`\rF2y`W\n(1e`~e)H<J~l>򪂊0\Zѝ TT\048̞)qnNeu{T9gw9&l=W&pfTsd@!HM#s)c@Pdl΅(\0X\0IAv6Q,RQBGDU)z9/2zV(4NL\0?!^i^Hp?J\0asdܨỀY|1s\")hYNҒS&Ļ)redlw\n(ngT ϻ;\"kC[3e9ķ8%B+yUBpUNr<_g+Rxv.̺0b6RoB5VMη1`9sh\0GfwfotA0\0=#\0GZ~]`~rq*f(K9\0*$ߙmÏxO\0*ٸ?J^OtY`MƱGs7mf[&3q]\\Ozz74*߻8$n=rǬ	7z7镻6Av8 Ue/\0*f+f	Ka_Y23-]v*\\]U^>pnaO\0?!e[erz_hna.#g,9e9+}]*Xae^`uoNc\ntTJQS]ؕIz3҉L5U%z*c<B9	L Psy\0qOFQz+I*@LuJ\0mܧEތiPQ|V䴩ƭV&jd^ukVmrGҌ@~mKЬZ2[2veT`.sUްph--DN~??T|8Aϣq,);=YO>Wt?n9LFYҿJ*\nj\\=`&%g	\'c\Z:,+W/Yv}q&_}&_XEMUF (:3.9˙tjQ_APoY+ӽ.Lq>6j\0:PJN.a>C3lU:Hy_;w&:~#?ໂ=\0\0\0JI0*^\0\0zwP\04\0	եA\0B=ej\0ARvH=\\JU80+OBoq)w1fD\Z$Ўy;\0I\\\0?\0\01Ow?O?ɳ@dӷ\0U#D͂ZYe,Ȏb:(5	,Z9lhнnףXtVFAU>:eGkFpsHEfT5J0\'2LC	H*Y.)?VQ $PAҜ`NЌb.`\ZS=/hR\"t6mA\r#.qXhг@}k[\n\n\r7O(`%[tVW҆W*-8\Z=9̾UKq݇pjjhT=Z\ZP+AxDX\ZI S] ,-UU[0Z-sIڔKiQ!RQǔkkX6/6&tq+pxb_@clYnοQPXVYP,.뢐#QV6!\ZdFhCAZ5\Z~k\"4\n*gv%CH:f@S.2^5湁pQ6kZ*ZUbZ&ȧuDe(<y-ڳ(E\nhbXţW1rҠ& P߅j-a9}~\'`\0\0\0\0-͋@.[;\ZfbuWK_ے!0tFmm&29&P;קc,hK\0<+R\07jܫGĦ))68i34g/	XHhХ.k\0P\0 ^15DfaJ:){ .G)کtD<bخq)g͉wQf\"Mo٩X\0-FTeo[x=e\\YҬdQ!ãQ}\"!et|$\r2\\\Z\ZA+\Z\\»YA\n(ZMQE;1kTbN9q\\BUR\r})8*iZv.6N!$\\S[Q&o&sH]Ӕ04dƁkUBtv\n*_I%&0YnB*b\ne,TN0,\0i\n\0\0%UDҲE~^\Z9E\nNWdP8*.\nC<51bZ۶Foou\r-QEa^\n6\06_7Kܮ`dN*\ntm;ЖF\n\0Z:@Q++^aH:\nBFKQeIJ=*Fj5,DX?Q	H#w4K)7y{aqDkM#ԢF]x15u?Z5V%IrtJ8)R^G?G0a@5ۛE\nUΞuHmH,AŪ\0ql7Pcb%7y6jhϠ]JuGe^GVSTEB#82Rv5*,%AFlple!bH\'(욡vtwӑx]	dEt(\n`\\\\OdIpPD{\r!f#e/7\nR0\\,{&Sðb\n=P[E%p;y#)k\"bKZ(#pG|P6\rŮr\n=\r/j(+8.\0ƭtmBFTx#yn7n\\\ZPIlAVPư]*ю%**ok\0NX(7\0O\rF\n+⺠tB\Z!tMiN,rq-j\\Z\0\0,\n9Q*V.GE]-m@6<aXn/W-щ$[s[ɶi󒞂l\ZlĠt^(\Z-[DH)06D9c@klCWMUe\nOD焗]lK-KlT-T؊rx$<ї͍Q\"kT~PR-;vB\r#úR1iHzDԮ\0Skr湀\0)+8J{kEN-\ZQ(aCA:\rT0G6Trqjsn0^8j./s]\r7\Z/]zmeVHBN)&r$ƷB5!0Ы۱Ѹ.!|\ZB&<,K)s?\0?oX9ye\"v6M= \"J9%柸Az`\0IxLjɟl:ręĝGLH ܋=B0^Ik#Fgr!H_*_pFzǙ\0:L{#m%i-G:d	vM~%oƮS-8$֪ЖbXqeDjFGsեɔLYQZJaf:`	gn%pKKu9ǀH\0};LU:}\Z~[gPrk(mxDk~i0-꠾}=9K@\nBU}7\0z/v]R׫MK&YpBOm\'L.ӟ(<,6}*mJ-	GWG\r`\rE5<OsjT8iu]ә0rh\nA3..cn|ƕdM\\UQHF4V-6@ܝiqYe5\n\nǬ8%N(]DOyA\06DfcuW/\r\0\"jYkt\Z#l`3P^ʊ,1*f\"lo>jT.q=UJb_J[CP{F|_\nr0Yz\'wG=S5ڤk?1Yg\Z5_ȭB핽)z_(°G(\'dg$1n%[F xHcwObFv<5H|\0!ک{3Jj*H&;=:X|gȯZ3u|\0} O\0\\B@[w	\0n.MT\0?s+n_>W#jㄱl_amfˈ9_QkDS7\0!mFaT\0 yiS6jf#*\0n\\mUWV)V5zhe̻]斢[ab[TzSRx\0@=\Z, 42.FS1l\0׊`b$ɢ$ |7DFT\Z1\"9hy6X\"zBsy9D(8Gyl0 dIFR?cSjcmgvn!3^ V׳)v]\\P[{0uoacrlK2`SZ٪+R\Zlǒyݘpkox\r}~*&Fd+ψf|-+czG=m0-b !TIi@)}>zN&g^[/{n	rpV/JVWYyӈs\Z]HNKjM\0*\ZW/de9U\\:Yϣ((gT~{24VU.Y\rHM?-)\n[evK]k4\0\0ayo\'<EPX~\")A~Mwhx*VCŰ5(g:X7-sm,YmTU۶Wx\0>	EUiZMŇЀ@ 7gnPEe+#_G>em!\"	mTXb#,yz3=zY@7w76˘veޡyU~j2\"c	=O1۰@i3BnE\06q6O4F!	=~\ncǶ1S.כϦ?qG;?[[+# gAw(3-S9q\0^=4Wu}*R\"6jx','test.jpg'),(41,'01-111-ac','Kaltert','2001-01-01',12,181,'PNG\r\n\Z\n\0\0\0\rIHDR\0\0\0\0\0\0\0\0\0x\0\0\0	pHYs\0\0\0\0\0\0\0\nOiCCPPhotoshop ICC profile\0\0xڝSgTS=BKKoR RB&*!	J!QEEȠQ,\n!{kּ>H3Q5B.@\n$p\0d!s#\0~<<+\"\0x\0M0B\\t8K\0@zB\0@F&S\0\0`cb\0P-\0`\'\0{\0[!\0 eD\0h;\0VE\0X0\0fK9\0-\00IWfH\0\0\0\00Q)\0{\0`##x\0\0FW<+*\0\0x<$9E[-qWW.(I+6aa@.y24\0\0x6_-\"bbϫp@\0\0t~,/\Z;m%h^uf@\0Wp~<<EJB[aW}g_Wl~<$2]GLϒ	bG\"IbX*QqD2\"B)%d,>5\0j>{-]cK\'Xt\0\0o(hw?G%\0fIq\0\0^D$.Tʳ?\0\0D*A,`6B$BB\ndr`)B(Ͱ*`/@4Qhp.U=pa(	Aa!ڈbX#!H$ ɈQ\"K5H1RT UH=r9\\F;\02G1Q=C7\ZFdt1r\Z=6Ыhڏ>C03l0.B8,	c˱\"\ZVcϱwE	6wB aAHXLXNH $4	7	Q\'\"K&b21XH,#/{C7$C2\'ITFnR#,4H\Z#dk9, +ȅ3![\nb@qS(RjJ4e2AURݨT5ZBRQ4u9̓IK\ZhhitݕNWGw\rǈg(gwLӋT071oUX**|\nJ&*/TުUUT^S}FU3S	ԖUPSSg;goT?~YYLOCQ_ cx,!k\ru5&|v*=9C3J3WRf?qtN	(~))4L1e\\kXHQG6EYAJ\'\\\'GgSSݧ\nM=:.kDwn^Loy}/TmGX$<5qo</QC]@Caaᄑ<FFi\\$mmƣ&&!&KMMRM);L;L֙͢5=12כ߷`ZxZ,eIZYnZ9YXUZ]F%ֻNNgðɶۮm}agbgŮ}}=\rZ~sr:V:ޚΜ?}/gX3)iSGggs󈋉K.>.ȽJtq]zۯ6iܟ4)Y3sCQ?0k߬~OCOg#/c/Wװwa>>r><72Y_7ȷOo_C#dz\0%gA[z|!?:eAAA!h쐭!ΑiP~aa~\'W?pX\Z15wCsDDDޛg1O9-J5*>.j<74?.fYXXIlK9.*6nl{/]py.,:@LN8A*%w%\nyg\"/6шC\\*NH*Mz쑼5y$3,幄\'L\rLݛ:v m2=:1qB!Mggfvˬen/kY-\nBTZ(*geWf͉9+̳ې7ᒶKW-X潬j9<qy\n+V<*mOW~&zMk^ʂkU\n}]OX/Yߵa>(xoʿܔĹdff-[n\rڴ\rVE/(ۻC<e;?TTTT6ݵan{4[>ɾUUMfeI?m]Nmq#׹=TR+Gw-\r6\rU#pDy	\r:v{vg/jBFS[b[O>zG4<YyJTiӓgό}~.`ۢ{cjotE;;\\tWW:_mt<Oǻ\\kz{f7y՞9=ݽzo~r\'˻w\'O_@AC݇?[jwGCˆ\r8>99?rCd&ˮ/~јѡ򗓿m|x31^VwwO| (hSЧc3-\0\0\0 cHRM\0\0z%\0\0\0\0\0\0\0\0u0\0\0`\0\0:\0\0o_F\0\0IDATxgdy{sNlvw]\04I HxDiDYshqkݙ{e(҈$%h@õ..q{{G<DYȈsDyւB!B B\r\0!Bh\0!B@!\Z\0B!\0B!B!4\0B B\r\0!Bh\0!B@!\Z\0B!\0B!B!4\0B Bh\0!B@!\Z\0B!\0B!B!4\0B B\r\0!Bh\0!B@!\Z\0B!\0B!B!4\0B B\r\0!Bh\0!\Z\0B!\0B!B!4\0B B\r\0!Bh\0!B@!\Z\0B!\0B!B!4\0B B\r\0!Bh\0!B@!\Z\0B!B!4\0B B\r\0!Bh\0!B@!\Z\0B!\0B!B!4\0B B\r\0!Bh\0!B@!\Z\0B!\0B!B B\r\0!Bh\0!B@!\Z\0B!\0B!B!4\0B B\r\0!Bh\0!B@!\Z\0B!\0B!B!4\0B Bh\0x!\Z\0B!\0B!B!4\0B B\r\0!Bh\0!B@!\Z\0B!\0B!B!4\0B B\r\0!Bh\0!B@!\Z\0B!B!4\0B B\r\0!Bh\0!B@!\Z\0B!\0B!B!4\0B B\r\0!Bh\0!B@!\Z\0B!\0B!B B\r\0!Bh\0!B@!\Z\0B!\0B!B!4\0B B\r\0!Bh\0!B@!\Z\0B!\0B!B!4\0B Bh\0!B@!\Z\0B!<Z<ǇT\0vd<D?` p.^*ZX$I\"<y\00ok0廳{?^.>p}H~X\ZQ쏙Ԋ:^*1FdY&Bk-Kkmqz]:	@$I\0xؿ7# BE]q@6c!ij\0x 4\04\0dJ/{Z\ZcQZQՔx0<p;\0rb/mRH)q>җ8cÞc\ZZkH)M?b!.m4%c0jkN$\0\Z\0\Z\0r^k\n2[k ZR6\02tIkmnSRʁ\0\0<W1s%)޿(\\UF!Î\0+dV.6wZƘ\'\0h]0qfG14\0A777eӑibDZMcTAkmPZ(B\'[I))e ck\0Rs^)c!B@0,N=(O1?\'y[(\\D\0nZk!Xkw;aBq +\\16_ȝQȝ1AeS@@h\0h\0H5W\\wQi8ZZe	\\?QܥZ\n!\"Z\'1uBH\0+\0B\0\0BH)DJ)( Jwݘ=9/G=8?W}\0G↻`\ř1\"֦d 0ddif\02U˦` 4\04\0dL3{{{* MPkc0#uľf	R2RFƘR|e:%\0筵\0f\00++\n{YA ၿU^JyW?߰ǎQ[aQ\\S50Qmq+olMkmW:-g\"Rgbg\nbgcLB\"L4S.,\r\0x<Lt(˲Rn(Ƙ!a0Ԅ5\0uke)匵bF1_r/ /+E0\\EYq8I8IQ0\"Þ{~32UG<\r3}/?{B7\0%\0]\0=km@G3t=T7I^\0\Z\0\Z\0r0ꗗ.]\nji6R9Rj>Y\03Z3Bw\0xs^Jy^X\"(BEj]]N#Dq	F<4?{Muoh*[!sp\0B\"hcv-kmKJNӴ qFXk\r\r\0+E[[[amH)go_`EkXk#XRq(^	8A&F>Q3L *QWi\rƽadV̰¨¶\0$Kk!Ďv/V]grl^D@h\0h\0\'IҔR.\0X,<;Raz~e^DҾ>q$9O+Fj4?)\"U#Q;Z9>00&B_vZ{G)i\04\0q7s\0kB\0>G0jh6h4\ZA@D}1\"z|۰Of7.>*Z&^UQ=5?Ӛaw۸c]eV-\n! shXk?-kB\0,aM\0߄g:NS\0`%Rʧ;uaaaXZZBQ}w(EZ5,CeD3|ǽ*	X,UMȴ&b{Ao,CC`_4= ؍]0B@X3<nllDnwF:`Bm4\Zs333XZZ\ZT;ӤɽzJY!Iɿ*&Eɲ있r2(ſ<e1}yTf L2Rn3i\"MSoവwsRj7I?$0	\0\0<?`Y)u.ukI)lbqqkkk8<\ZuF>i\'t?y~OX,@ltQo1wYǹx<~f(0Jl[+^1sRʟ־a38Ah\0h\0Y}vFQ|<Qnn+++8wΟ??*3LѭIڧߋ\'aa`.;.͝F3\0\0)-1ƺK!i1?qG}\n!n\n!zwkF*Z{@Bkm{>g_Y\0f)qFlFam;d}I[k_6PJItZ7xhʕ+oQt:sQApQVE;p\\xǭ|t/ыZ^Ћ^mЅ[/2n\nؾVK)[Al\ZcG`\Zm`n\\wyܑ_/ѵ|,ŭpJ)*)Z)P;c*w_kQ֮`P\0Xs-yfò2Di6Qdʆ8D?\0h^0x&4\04\0Pkkku+օOkzE?O<ĠN\\	YkVN8$=Ѽ/Ǽ(qze-iK~%UJB3\\jƘ3XeNkWFQ\\rQB)¤ij\n3\09F\0 E^@\0E)K.(md(Tvc̥\\\08~@`Ϗ3&4<3jfM\0Oo J	<\Z\0\Z^Ϟ=[k۳\0V(۴ze\\poy[e=Ǵ,A`{{;;;hZzȪn9R[v;^vkmnmhu&~,Z[R~._cowvva\'+0n}>Led1R)5\\a˦h&BNL\"(f+ue	`S\0zdM	ߺv0$%[kbj\0K@h\0h\0V.\\\0XR^-Zh4޽/\'DD^EWJawwEEHƘ8!ĆvW\r\rM)eKJ#\\x]kskm.ȝ<5\0n.\"o]do@K+4RJRZu@/BV]Y\0?>M9[	S1#!r&(iEd{9T\02p9$/b\rM\r\rW)kBZ5k 8Ǆ><\Z\0\Z|Lzmoo	`YJy!KƘXվuyyxꩧƊ}6<ϿfRZ1&6ƤR-D^Ժ{Bf:I}mFJiR~RJ\rj5[ܜ}D1?\Z\nLc*\ZF1 0GJJkmR5)eӐR6<e&!ۄo&^W6^O|Uc^p3^r&`h@	\r\0\r˗/Mk1\\^a݋x\'O?c\\v\rG$o(~Ube\0^2Bd>REz]Ji04#}:TgXh(74 ݥrفZH)ں	`NJl}7R>טUpXn]|^־fw_qЛ\0\Z\0rl<N<Lp͚b<?wٳcH)nobkkFkGJ_Z_7hw=)eai&J)]0M1Zv/kkkc:?KG3\n^O1\nj4\Z1&0Ƅ̸m!KƘHZZk_0̳,u$S <LmllDqτa\0B<;;;U<CMJ=Dݎ1Z[YmXk֝ (01kkkN0j$9\0a^yH)1fYAg2iJTVeYa\07\0&,<MS_p	 \'݆+:+|1VVVz>\'C/ۃBK\0Z|ZWպK{NS	B$@/XkH?8`5Zy\r7%j:I_pŃ \'˗/\r!ĂRjM)uQk3fsqqq.\\osO䯔 v*4M_bo~~w_}UɃ0N4:sgZ\0\0pwZk#?pU$IR\\>XS 4\04rzWkRYR1(gϞEecc^Je٠e*^nܸam\\Fqlן\n!WZE\0_\0Fc	\00ꦴ\"\0K\0\r\095k׮EI4 X\n<oR~O/\Zq ieĿKkCi1\Z@\Zq^<υ1F	!E!\Znr_o\0%Ue!\0_^t)sNC(\\SJ=+sE?UuԶu^)$cj5BRʟZ,[hx\nP\0 T3<\\~..O5e;wFZ{z!jS8yjוRw3gΤ/BƔ?y2I(PYo(4\r\nOõ.\"RHrT 7664M\0j\0\n>6\0\0$	]\rtהR<W<ږR|ɄO\"$MVei4|\n8.\0X0́Q\'4\0x!ۅ?:33\\xq짼j\Z\0~ߎ4}9Rm)O><9ş<D&7I\0\0loC>8Au\n$M\0 =gv]R΅a:߫ͥ%?~\ZϋՊ?;R3gΤUl|ȧa\0\0\rh\0\r\0ߟХRg=ç~)͛71L$7w\0?C	M\0?`\0w\0B@`//]v݆bAJ&{fff}E۷<\\Zk/+++9R\0\0;\0nx	pفiy\'PB@NT\0I)g}<f^/..Z߼yۈXkosss1G	?*y\n9\0\0.\\$i\0XaYa~~S7n;wt2!/ivl]R#jb\0mgn_p,e\0.\0B@N.gNSRYkW\0~^cqqgϞ`/Zϣm4\Z\0?3n_񟖷^\n`\0lllDY5aYk8={J{B@)5OMԯeٶȊ\0,\n|?q ~7f\r\09A5Wjy;fffA\"?>n>ƘMc~aܟO,/\0C<<ý\n 4\0XQoQqZl^}eб4MV\0|^J`htϞ=8!q0Ţmg~GU\r,\0 K.q7<h\r7AYliJ)ܺu{{{H%\0686ƴ\'	\0S-\0E77\0 \"۫I)g XBFE9sB?n;;;t:01McvEFKX\0[7p0@h\0ȱ{0MFRUk퇃 xҏA0o߾}$IB1f+˲]cLguu5\0]6\0/)?~A\"\0K_?[W\0~O;w @>z1jZfnYʁ\0i\03i6Ƙka477_L+IR5ֶܱ(?>-\0_C<\\@Z !4\0dԔRJ%!ēBj5̙3\"qcoo^O?rt_1Au\0A}\r\09ZeY]14VWW)%ni\"m1ailքmJ-t[Tjm~ۤ{=gn\0C<׷\Z/\0!xȸڵksQJzy!˲ѿ1;;;~3\0ޔRFQԩ	}.r,=77\'1֊%\"\n!t:Ew%P\nx	ۧx\06k\r\Z\0R=`^JGkZ//{K)q?I)8Rݥƍ=QByeZ/Z+^%\0.eS\0d0r! BL\n!z=W4\ZIh:\0.c{w橍\0ףBAJA_4MD~s.1BnىcS?$eqwr⮬ Z8V@)?oS\0rpkmvCKQ2#4NnɅZ!V[k1&6oMB^0	 4	A(/to)_K~mAZ8\0 欵>;;A_)_)\rZ-qc鞔wۏ	ȋw}wV%d_\\{WNU*7RP@JXk!})e ;qWƘ\0gmo;֞3enY!p8g]q]\"ȭ9\\Jȅ[k3\'Xksg A~:i`\\2A{B73	=Sf*K\rA`\\8Ƅ\0n)fRK\0.!>h40??Q~__g%kN(ʱq,:LTJg?{@ ЉtZXkC\0J}\"\0/bm:a_q~=f)+.یm7\0{\0-t׭6Rf\0,Rfn.m,ãbZ~\0|V\0_0\0LpggfQJ-Yk?EQ8(=qlgvwuuTGâ83gdesZ+km1Aa!yh\rR1%kBkYkyc̪3Rg\\yQmcaF]y0,BVeqvU\'xو-/QQ1\0,0]E\03\Z\021R3A,X5|W M4,ZYU!N ^xT/\nc |1ȉ|h6BԤ\0kB5kk2k(.oRʁ	(r_%ĿxO2Zk$I2`Mϙmp׷\0Q`.G|H`9(s0CW|f?Uyۊŀ\0#.]\nƘa?G^>xo~~733mnn~}Y)666}3 7.0ȥ#TJ)kRʚ62<)8.mRx,JMȋ׽)&U2\0S4oϲvp\Zn0Em>kpen1c\n9(6Y7L\0~1j@fh\0sU/~1TJ5 XR.c^cnn@RRʝ0y\'W^yEzښ}DŴ}zWhqH)Us}-:\"er~{A?v/w9?J̫bgCMZ,t\\c6џ>W4ǔ9(\Z,~\n\ni\0vaa\0f\rN2xgkT$ fK+A_\"W߷ncvkZonnq+WTǢn,?YzcLQC)eh	wcRhYp΍џ5Ƭ#r/J&DRĽ[kHa/ɰ0/\n}*^|L@t:8sAs0 ;Us`	o\nLg<9(kj\\`w})-]\Z\0\nr劼s玺p̲Lj{RO|8BI)]{YRAAoJ)hZx}}]vW^}\\|Aad j\0jZK\0֍1ob=+AA \Z\\*@Ћ3%Eea.g\\A߷a^50hxw4U4;\r\0םX¤^\0,Oqܝ\r;cLB1(0CqIh\0igyF]p!8׾\ZcBQq6s-\0aMb=#:);?iˍn9!V绵Zl6WBS1R> \n tsk~^)Us\'yVkUWw<Q0DKyTl7J\">Lf0,0iZ \'3D)tB=930Dhrs\0Sd\0oq9Ut#$4\0rZ__noDZ(1ƴkJV	!$^r\0R\n.%1fS.--aqqy(\\Qr Ƙ0XkEQ\'xeeE菪MQ^|ս:(Ū ϏBDRʺ.eYv:s5׼L1ߧ(zc`\\,,~ W쟔\r8kvָDv+N\r+L3SL?]Ss\0Bi{\0wMaSgJ\nih\0gy&	^~(˲RJ f\041\r\0gcsRʗ0|Չd$\\_.ܳ_Q,HYA)Ru{CV^}UZKc4ƨ(BD1&(Zf).BQk\Zދ0aBJ	k-\"G*c~W~k-:_q)ON_]0zA7oAߪ|\0LFg\0̸}nAeGe=:744\0~Vo<J7o^F+/	!>\Z\'uc̶RQ,,,/RK)4Z\Z97fo\0?^aeYQ5cL͏jzOYk@Zݚ11fe*y/4}a^C)uOZѲЗMϰt͛$ΓL#婀k-z_ہ?,Ґm;s[\0,bm9{Ɖ~O_*!sfW\Zb8ufE\0ϣ?am-HJf<ZB\'<c=B#NSSJ54hZ<cROǴ}$_l /;s@X^u?Snf緒$ٓRN`7h~U}#\'1kRUkru}΋|jz@ݰnv\"I=nO*7? TTqN3ɉ7-\rO.h\'NO}\0a@``C\rca\0\\ԯv]SJ5$h$\\cGRLEzZ\r7EBVlbvvv/o\'n,v$ɾֺwLisB3n^\r+_P4ƩҲvI?O+A4E7Swޯtku	~-us9l\06\0n$h&I2#XR!VoPT^`܁\"6lY1[,+ޯ8-曃F@IS/w+F~Q|̊/+qW{<M?JShZj.?y$21]Ph\0Y W\\Q7ov]J9e|V[BdTcqqv֧_App8_ޏ(\"_0EqrDWyas\"#FZݵI\0~Wi\09PkB$I(ZpFJy\0^gff bk}%Gi~E}&]Y5O\nƍW?~Uſ%q#&Ge\0?;=g%~\0<R_p!Q?E!Ě,oXEO4M,,,`yyΝ; *%`\'	}vQ6U\nqa\rR<G:%\0l@wm 1\0cc#0|+\0*ǂ FҼgΜb?*?3n\nۨU节?nl*r:;\'!ƘA\0|6O<\0\rCo\0˗/wܩ!f$Yjgl\0~^/bii	gΜTqqM2U7ISPw?a^O*lz=t:u\0#3n?[`wl_4\0kyҥpgg!.!).jR)uuffF.,,`mm\r.\\w¸9Gm3@8HJ?m0\0dYvt?g\0w|]@zT@x\r\0 ףVRZ(<77;w333߯ϸ(s\ni@J0i8toA~!7)_D.:}O#~\r~~zv-uc̷f93g`}}}PU_}~8/ߧ.a8:\r*$I4_;842x<@1WJRkW7gggE\\pl娿jq	g\'f7G?l4F,3M㎟\'2Z-v#		Y9x(d	hh\0˗ͺY/bfffp\"/~	~U/GU\"iG&89)[kj\'PK%`qw8\0<?\0\ZYkW(ZJkkkX__L+FV?N\'-3i,8iӚqB_eUQgu?y>4\ZG3?{llz1Rʟxꩧ\ZD\"a]&G=OU27j!q\r>Jʪ~U\"Øinw|*\\ԯ& 	x$ҥKak&I2YkڟUx\'חךwH{aĿ(OkFE⇭௺\\uoKVQ?yXQW=\'	`=\0\r#\0 jƘ V1h,...&{YF2ptSǉqw<Z*i+%I_yQ\0W7JV4xt$II,j3ƘsssX[[XO*\"^\\lʏjvZ^530*&$j8<*M	\0h\0~gׯGZk?)p.\\4M:GJ9BHt0 DQ)堟B	_5%~MxϴÌQ_k}i_yX\0?	H\n\0\0<`gg\'PJ51ajVٳMQ<hBAv=z=q|qR\nJ)j54\Z\r,,,lO,BiǾL+U\n+UaşQ?yx@%8@r/GZ!KBh4\ZX\\\\wXbvvv=7	Bf333XZZt;BПvqL;OʬyΨ<h~guba x۷oJv6eGkZ-;Iovwwv$IZc\0lI)_SJe[eYIj{{{ٳgQEc0*F&ZҐ$qn3\'6/\0\Z\"q~\'[\0moq\r\0?­B&@?$@h\0:d\r<o!gW|_~Ƶ-۷8;Zᶬqe1FRJ\n!jBI)Z$Iq<p,//V\Z,!WES7}SwXwIƨJ̀1{{{\\Og\0` \0(\0/c\0\0\0|Ӿ<_,H\Z_|9߯\'IҌhZ]Q5}GVMB~:666o<ԯcZoc1<S)e&0\0繴JrFJyZ{\rz$I\"8ŋC!VaErU(SWQRQ/1\nk<\0p\"o_\0V\r\0s\0n8Q\0ߍ?G\0)=E1\0V+ȲE<Ekk\Zh4FF5\0o&666jZƘ_R~:˲[ڭ4M0FQHRZJijae5gHֻB-WvwwTk=9|=jìWUC\'5\0&ӸTw,P7\0?\0},\0ppˉ[-p[L.\0~\ZG\0.\0<\\\\rEKֺ]JZ\rcZ;[nnoH)yߴn\n!R(lmm<sիW\n1mkmZ6ƴR 6zZ\'|Y\r\'.PvUQ\"=M=MfxW/gT[,2l?ȲL2}	\"s}whڭB\"U\0?4t\0Sg\0o8/\n?J[0\0L@Emw8?\n	Y	fh\0Ν;*\ZRj^k0133y>2ѷ۷o̲ZZF{^oݺ5yF\'gBZiEQ\Z!ב@S]oWd\0ò1E/wX,L2TBdSFO\0|Kê}5woo;;<颶M~i\0)㾐9\0rFARk\\}Q^I8h\0_\0#5\0o1\0^Oy	!f\0!U033sOaѿV\rBeٗo\Zc6{FwҥӶ\0!2\0ҥKzggGcRdYf v+A`mmmP0J \'aDe!/aٔr?츗[4.Ih\0ZpbѤ1H_t\'8\0Il\0,psOTx]Nu+Nј?];1n\0\0{~{\0>2	߇~4l30v?Mz_.eU\0`0\0\r7\0Iyׅ3Bw!(QpcocurwuuK/eT-3QB{ee{i4\Z\"2/Z jh6t	ǉ0W7I\"^F\n!}@esx4?	XkEeߞeZ6>Y6Ie{_.\no\ZHh^CZ:t\'E1NN3-o\0_rr`\0bNolEѸ߸}>oEpoŽ|ڽ8[Q8ݸ(MzEƘo냞~\r\"˲ 4Moy)[\\\\_zZ{~>pelmmzZk4?E~iizA(}\'e]b}ؚ!eBlXk~6XiX/@F/)s{\0Z3w5\Z{gB׃_B5w=r\'O	p\\wۉvSeaN\n\n)Io^{=$|z}Nx{O{\r\0{ʯǽ/+DGo?C>DXkB\Z\0\Z\"v*˲H)Bc;[yc{{nWK)3I[z_zZz/K.;wyh(~;o?{m3=pXt|s&e_n),bA1;P~?va#\'1)e-Moβjٔ3ۢ1Ϭo:1ekퟤi.)%j`	lo7Ay1TNvAbA?%?{wWμTi{/d=|Պ4va9O1SFL@w}6\0rF\078 MSM!ĢR|Eh4\ZcW+F[[[~Xkfݲ[k/_ή]vl?o.\\۳nioAzOaiii Ņ\n޴=ѿ@q#)\0z{tvSk|e\0buC`=>Q\\뵄%ZDJEc~a)7\0\r|m$\\%OpkR^2\ru3Lx\rwZ}Qe?;3.:\n`wv{DE\r\r8Q.Vws>˞{mw_tšEp%_(/4\0W~1&RJ51	0j\0p`QrOhZ;77V-ş?>ٍZ뫝N],,,/+<pv>Kݲ44M#MS9??^Ƙ?5|Z1斔264~$OT$S#BXkw~Jc̎<ϿuiuBE;v\'1~GErZ؊\'f\nۤě;e.Vyމs_w􆋆\r?\\!37m\\:Ԟ;~q?|M@>>w\0V|\0\Z榬jaݎjZSkN])ꝝ/T	!^Zhu/ZkK4MB=6$y`aaa ŕ]5\roah\0>i0ƴ17bIZmݰBRʹ< 6˲A\ZKa\ZRZ۵r&	)DѢ \'|TqwDq((ߥИ\\pK*~붞;v\0/a~Ö{E`\0~*lmwo?%-uOJ@} qOL?vgμ8\ZCp<CTS^b;\"8ayZA7dvv6+79npҥ<Dk5+>y$i4񢯵,E<jѣQF\"MW1I\r+Ze٫Ƙ\Zc ct|m<[Qu1m!D@Z[WC%ذ&.J)370)xs7&yLd?Dxj\0d\0nq;EΤ\Zw]]T._]uո~]iܯ`z8=~H\0u\",Z@)UB4R#E!R\"I/>_q/lee$Rxty1`s3˲AJ(e/F@ŰRj`Rl|eZ߱nho\r!-k~}ti1\"K4\r OGߢa+\Zk\rkm\"ȥR*BI$ƘGQ) ]*UxqW-w}Df/j58\n8ąB 6ܶ鮟aY\n&3\0a!@PƘЭwQQ*SԴ־oZk{B,o}뉧\'НN\'SJ%VOiz>*]z R5\Z\r4Zk+l[k{B}\0a5)ֺeفn_¢?}Ϻ5鿐-f#ߥw\0ZBeۇ8f*ڝ{wZz%?k\\\rvQ%ׅc9qظ}/΂f1{-މ%$qpZUϔZ{Gx33\08}@e	 Yk\n\0~Z[쿟Yk[BL}쾌}u!ɱS^5gR\n[[[t:[a1z?yGŔ{?|?1@΍1b ʳ{>\Zj&Zk)VJx*Sv[QS8Q	醇yn)`JbL|QjlU}~1/VTktzG̸S@f\0\rfssSjRʚ0uutB	!Jǵb}^3&ò\"bR~7J)垵vq\\bh\"11)uQRj)60+Pxl@&i4M1I4\0x\0U`DoK\'QĸwaĬl:_>I\05\Z.C\'p|?9)3ps!3\04\0$IZA\n!\"cjj\ZϱB>R¹򫵶Xm؏7g\ZvY}U5c\0vZRJYet#OZk&pbej\0BeYy(H1_\\P7*Pi)Ϸ?SQdGþw1qO:;@/{+=1hY;@h\0NqKcBRjV_V7	.1Rk-p܏!D1ΰ)2\0t:qW[nB<笵/q|h4R1S0nCAs~Rd#xߣqTyΣf/<(OE<WpT^@hp(l\'\Z<SoG\Z3aQJZI)Rps)&@k}AJcBzwB,ˤ6Ō\0Ve^~5]riw1y8G7JGxU!!skᵺ#a=!C4	3aA@xz8Ո,\0g|HkQoB4 jZyիWU$A5!DC1\'8i;L|]!_McLk{Z-QJN(^Eq\0e~hot:ڏ\"D?Hq?ǙGΤɃ3|[\'ϋtO/u}Y\Z\0\ZSZZk!`XjZF0!|\neYmgg\'B&׮]SYERʆRj Z힪I86BBaqUy>0\0̪8ʸE՚FOZu!Dh+D^8\0)yř\'zt@:Qsj4Q\Z\0\Zә0HkRB5GΣDh\n1CрA(,ktʕ+J+$8bj.zX^	\0fJ|e2l\n|@kmZk3)AoB}ke4oAu6{Q>=c2bvRtpp\rG+?wL!pRS9rc:t`Opz\n_<g}@EE<ϿZEтr͛\'BW_}5vZ6/\\V){&L+v&Ì\"u=L$FJi6MS#F;C\"QY2~\n\nw\\4\n\"z\Zwŉ1TC!8=;8!;}ŅpwQ9}1<w}y$4\0V%ͦYo\0F\0cf	)巇axNJlj\\t):Ρ\0!x׻ՔRse)jZ0;;{3_Y&S1 RjНU:	˲S?褨Y8yaڅEw\"?J$\ryo<Næ/\0VgMqq8,\n;\0(\Z\0\ZS1Fa(RbX9~3\0Zk`qqz#BA\n!www/_!ĕ+W۷o8.+`,\\b3\0\n3;\rma{~QB$(07[	G</b/<AǓ\"Ãk诪y[P>zL:S?pqk\0Vh)}ũkÊ\0e8s.,kJ2z;w˗!Ȭj`\"z׻^{v(ZUJWJ]``\\ha]^\\ǙA/ lyQ3\rFeO&i\\ا*i;N7\"?l \"Ig\02xNror7qw=	~3_#g2+\0{L\nE#IQ\'M!`\n`1\rw1\0kkkYkvER^l4\Z8^l>\n!ć>੧nܸt:aAp1KZ_זG-_\\eâ{n5`*U8OKkQ~$:;;$>jQ~eRFE~O\n\0Zwq:؝6꯹\\tgqC?3\0k@	!\0be}14MaYjZ/繬*Ko}>6tB\\zU]|Y}_8+0\\RJ]PJ=azE(uun5aC\0##qK)WG h0~+DRQ>Qi>UWTjϯǧWџ^\0?/Si\0\n}4_aV&rWk,˰_jX)\0>iv$줯z~}%\0a,DrmmM~\r,iz}Z[?U޽UdYvi36Be\0hH)mVnw#*%N[ǠsN~-	&~51.E\'ug\n	KX\'pw\0~bB밨Sx|ŔR\ncBPeg,ٳgvB|,Oy~Z]kmt2!Dd,aX᜔rIJ&|\'@ˋUaz\r$!?l/I.LH;~1Ӳ\n0zبu<Foۼw_\0~	ЅGY8X0NvhOp}Gᓌɲ\03VimR߫j_Zh[^VKyd#\\wHJYR	!o~搦`ޢ9 _QÑ?!e}bri*Zt;Gte=\n?]g(F~Dϫ\Z\"@(V+_hAeC^ަ~a~5kmZ+Rf=ƘwH)QץrE *>\"`cXN[g`Ge$9_Ci\rm{\"oO~,|h?U\0/|\0?;^~o>z\0h\0Nmmb&/^y-MӷikD6zjF^o\Zbpϭ0|*ہ)nLavAi{\ZW;YIs֘H0~s|I_ xen8ewΧџ 5\0<ك~=s4M΢!˲%Ry\\! R\nZ\rFz}PhX\'T! r풥V$I\"~\ZBJE;_\nnr9>l@yǱIrr)|qSH\Zd~@FU^}]_((E\nS)a2U:\0!Ĝ2BvUT@k(cJߏS*OrH$|bS~ܶi\0ȱG	a=	Mbo!Ģ! {^VJ*!}o~	I*#v2ŰbhsqsZy_N2ͼXwxK&T㧶7,q8K`}͝/E\0\rY)1fNk R*c̬bBJU9A$*!W%$XoxL@q4qYXpgџGO?\0\ZS%cQlQ&IF`tQ=ߴ_@ZW(\ZZH)7\0<J\"XV_Xeyf?	՛BsV5/5`cG9nq,u\0.P\Z_\Z\0A0H\Zc,pVrX4?`Ů}s\0@VCE_vy)֮H)/Zk؅Ƒ$IGCޢ\nhH4GFy]iA(.bߋП6qs,s90q	#0Ƙ\r*\">NGi\rk35Zk4\Z\ry\0cZ-XkZfz`X![t=jV?ssTdTuQfſ_|̛\'|~\0-g4wV|?Ϟ)4\0\0dYf \0b/xb=_t7?a\0WJW\'])~ZR5k*Ro)lRJZk1FcDjŰ4N\'dO\";>>d}7yEn\'\0\ZSIVb-a#r]q^| 0??&I<?*ÎF(5cLAtjVKo\Z2l8B4IȆ߿q~DtswbRW;UX05y{Ϛ)%\0\r^[!`#\0Fu\ZI+5~|ub6Z zx\r;FgƘ[I0@uuIZ1\"ЯVS>_Yc\"~h-9UҔo4,<w<q)@@pR,ˌ\"Bt1|\"I>s\'6p\0\0!5bMaXId/˲8ҟJTpp(5#T\ZqI7*f\0p\\z/5Ln#J@,\nE,;Y?\rfnnv]\r@!1f`\0FQ{/jFm~5(>a믻\0vwwc2yuq\0~JҦ	w٨E8.\nPSpdĆD{a՜(Wyoןs\r̈p={x<	8<sfqqѺ\09=?ذ/3It\'A/GB[p\\-@լ@qF5M\ZIZ\0+/ZݨV0CYw}Rt?]+_%m(azjB]Fw!\0\r35zOb[\0\\݂@^!{g_5\'?jy/\"[_Z)\0\0JҸ_AǴѳ\r0Ap8Ӡr/(#paa^G	,˰SiM.j ut	¤lST텥A	ٓcWe+f +bHd{)DQSx/ϮrE}y@xGK\'tw\r@^02y\Z-o\0=}W~\ne$,#D(	8O3aku\0ǝ.;뢼IY.\n~8Qm%5λaE\0\\`Pi)Ff{޻q7*\rs3Mycϭ>7ql@r4Ǹ\r\0X!ZgAt\0$ښ/5`Uvv=_Q!:fggX6@jχ:=\r|NHbwU|yyꂈ-9w&50~@y0QE׷rνK涴XEП;yM~\0.o?d4שf8}ah4ƘZZkZZe/},Zlll MMW.a+3i^z{EN10m$r\nſ,FV\0vkY݉X\'v9R\'KV>)x*gw{ꄹp)\0--+r:6k\0n~sٱw`\"bi,\08e4l$:@j5ƬdYZ6\n8l*:L<vZ\0>!6$+\04sڷuݿeٻ֘	Nx?yc{{{z\nuQ1\n~o9g\"&9ܭg+狸>qw@7ow/tǐ/\0~gN\0W~t\0\ZŠRibǯI?,>BƘy~ne!DTYk#c|B7<RJjsWp?65ܹsZ8xRL׹\0	w}\0~S(q\'UUV\n8Lp:{\'\'Ǘ<Cb[\0}/џqˀ=q˸\0\0\0N\\7@yEQfZ֥/ΧFSR@έl47Z떔2R1&DNRevNo\0+R<OkOsF\0/(m\0Tqq:5Яpip+\0D=v)ZQh\r\0\rfnnJ)67Ƥ\0nzP^wr\0)%::֟@?%|-\0vsss8ޞj]Ƙ$ygFѸg$SRܿQa;;;F20C߃y>Ed\0>\\wѶxWuo_38;59\rtsϙeq&H0VYwڿ%_,\0?\'}E:0+7$ylAn̢AUfTɱ\0@\0|\nKA?K\"`̓Ϣ?ܿmg\02\0Xǆa6B2dy#I;E~Xb:\\k8avֺh4z/_>i[rzy޵ֶmc̵<,;lFQFeZbggOe?>i~NFd[Hh\0N0RLj;\r_8L8cYX<!2YXX>̝;\"5߬hTa\\b{!bwwYD.n}\Z\'ĉ=>={`\08u#RHneY^74B$~ꟻ,LJ<a\n!kkm2ʔTi\ZC$r鸈ޏWX-Ff$0\r\0\rgaaH)<}1GCp80| aJkJ+Ua._fGWE18<]	txBP3\04\0? <RJk\0_//?_@]Q7Ƅ{{{g\"+TƘZ	!RRc#i\\Vnv!04\Z/!P~\r*\r\r;4A@pAh)eykƘ8MA[^ħlF\r@EBSJRnk_җ(7/B-rN1\'جIE淅{8AGh/3N߃0k1$` \rBVBLhYk^o	(v5\Z ւ X0:@!BH\0J#IYkbI)Zv`]8>(<x>~&qNMg̠\n VH\0P`aaAeƘֺkY=c5ܙ$333zjR<c)ZV^O04.\\L$t:3a\n!).c^(N\rpAe㷄:S\0}]o\0Bg_{I-ߞ`/腅<MDJQJ+OWe8fSeR)v$yJ1f^qV)G(z/T\\`TA4?IG9ߏ~kgOb׿\Z)U\nNp^E\rp,\0x0z=K$R\0KtxX],	,..bggI0Z;޶ֶ1J)CklR333\n\ZWi\'a\"N>~\0_>}i@QuJ])e+Y}CCٜzpzYZZ{a)T@\Z5ƄR9ck퇢(:7333Y܏a&eRq`ww	9\0\0&@`\0\0w˓7(qwQ\"BP`WWWv	!ZBv/oՅb3hZ^<ϿH)kڷAЌhP0,\Z\'\Zb!w߀gwO]\0x+++Y)A|Zkqˑ}w}-Aq`Ł3y	!°߯h>\'3$\"Qj臐3\0x\0F#vcٵ־[\Zv/V0b?P9_|IVnF?i$E]\Zuy\r 1t1{BOuQwQu,E3@k\rB\\*_-IZ-~!Ӱ\Z/}KyEY\0-!ħ<zQVYh7L>[_O9EP\Z30;;)|G;\0>)=cUab?IYgRq BA7\0L\0<`eeEac:Ƙ]!fYfz`\n`yiW7^_I~%l\0\Z|3Veyw\0^2Ƽ PezGy9?Nir3i\0,\\Almi)MSt:{\0vԂAdQF`Zz;\")x\r\0\\7\0/r^u3Z/z=0.+\r3\nU\0U\n~KӔ7\0G` z<7t:y);Kc%-\0`?Wxd\0Ƙ-kq3%ĿjaB\0@oÓ\n\r8sL\ZEQWk`KJyz=W	,鯚?2_t:O9\n\0cp\rҗ$A[Ƙk\0~%cZA-Tj&,#]ܝ47oLkZZk\0gZz=t:K8Qe0Ɖ,#Sk\0?\r}=\0\0ϧYuY/fYv,6\ZUzWx9=^nqd	%fg5x?}@]1R	3g[ּ\\oB|Rϣ^Ck=om3>{{{?^??gS}4\0,V\0 5\0=/xe\0\Z\03\0+fcc#]\\\\wZ77\Z\r!W5\0U2\\oc߱\0?_:=.Oۂs?\0x#L\0<FX\0zww7n6k.;JgYiławRT/_iʢ\r\0N[?\0H\05~w~~EiЙm,c?\r\0ayZR׵4M@Pۿ8nZ~g	8g|\nX%E?;%\ZeZ-RƘZ<~9p\\_ujqÝcx<;\'\'N6h\0iO\n{\\h\0?VaܦYy=a`&$nKb&	ޏ\'e\0f1?$0ϯ#F?兟O@/\0Xk30TI>Yq\0_@?9|!Y\0kn,\"΂)\Z\0rG1fiC?1.	\0EKxj\0\0XM\0~_Bh\0J̀|?4?Qpwq\0}؝\Z\0\nb~9^y8YiB\r\0G˵\0ဪ<v!B\r\0_c(C0L\'U1ſ9O!4\0g\0\0ۿ|[ۅ\\BuXps#4M$	<!0@NS6`W?y1t:<؄B@\0\rz|Қ!SqlK!4\0AÖ=.Z/!<p\nV	!\0rO+!0@Nq\0Uab_9SB@N؏}Rt_U\'=`oIB\r\09)gq|^@;@@<\r	\0\0I2\02\0/-\0|;xS\0\0qo/9#P@w8SG\067rK0)\Z\0Be\0ƙ*_OQ8i\0ʝ\"\02)2k_pƠoyHC`\0|\r@N3fd9g\0xL/$}H;	&G։*d)x\r%SL[c	Y[qZIЋ^y]#}}7\r\0ſ\'SP30Eԝ`or\"ޮ(EYwiFlW\"4\0>mßn@~4\0)U\n[8I6eӦ\0λ]uYv&<xQ\"MvQ-%Wڇ	z6[I}N>1@h\0#p\Z\0[SLtjHh\nBo\nbC?5>~;~q*=uQׂ3FZ|1]`4m|o\nq%!wS[g	\Z\02V1Uß)\'˲)6|JY2o{iHA.no)<9ED̻}.s`Po[\0)Q(Aׅ\"Mh\0Q>!\0C2ſ%5(102kCn#Ky].ɐź\rs%âq)Qy; 60N׳,{df\nJ\0c0leʂ-GgcF=N\0T6\0(pQďRL7i̝Nh\0gL/Ǟ+\Z}#16tʇE(\0<&4qcX0|FaaauhFN\r	\"$	?h@!4\0?.5e~	!LSNi?)9J,;s	!\0&`9VxB \'e?IBxT3ğBEA?ogB3\0۲	$yB\rèK3,w9_=J=(Eh\0k\0c娿wzZ<BQy/4\0?!1d\0RgT\n?rBM,\">4\0\"е2 sm?-IӺoqV8!G;?R`x?;x@h\0ov3!DZZh>\nߌ1H7\0\\6`!~/\0/{@&ؕRό1Ȳl`)\0ݏ< 3ѩm\0`ӝ4\0ȓ$\n!1/cjueH!Sjd\'\0\'~WE[\0R\0\Zoq1\0\\N~w\n@1fEq;<}BPJ<O0\0~mllR@\Z\0\0p:o1I\'/;79Q;.0YicL\"ؗR`~	 |q?\0~>!ǆWܹ|׶\nK\0>m7\00P<	{V5Mk팔rTJͤi\0PYoǝ?淵~:7\\C?uw?}ϬB|\0@	`t[[mO\Z1z7=v})\\c&Lxd@\r\0Dz[kky9r)Ich_vx}ς0Fq3dľ.ژs(lG=/h\\s?/s߼kS0^h\0)0?VF?x[M.ukrr猂sCP:/Aya@~^ y,kgPbh\0?xQe)?0?ҏ_*Bipn(nlQf9E\rQ:e\0?)\0|BNa*B!6\"Bh\0!B@!\Z\0B!\0B!B!4\0B B\r\0!Bh\0!B@!\Z\0B!\0B!B!4\0B B\r\0!Bh\0!\Z\0B!\0B!B!4\0B B\r\0!Bh\0!B@!\Z\0B!\0B!B!4\0B B\r\0!Bh\0!B@!\Z\0B!B!4\0B B\r\0!Bh\0!B@!\Z\0B!\0B!B!4\0B B\r\0!Bh\0!B@!\Z\0B!\0B!B B\r\0!Bh\0!B@!\Z\0B!\0B!B!4\0B B\r\0!Bh\0!B@!\Z\0B!\0B!B!4\0B Bh\0!B@!\Z\0B!\0B!B!4\0B B\r\0!Bh\0!B@!\Z\0B!\0B!B!4\0B B\r\0!Bh\0!B@!\0B!B!4\0B B\r\0!Bh\0!B@!\Z\0B!\0B!B!4\0B B\r\0!Bh\0!B@!\Z\0B!\0B!4\0B B\r\0!Bh\0!B@!\Z\0B!\0B!B!4\0B B\r\0!Bh\0!B@!\Z\0B!\0B!B!4\0B\r\0!Bh\0!B@!\Z\0B!\0B!B!4\0B B\r\0!Bh\0!B@!\Z\0B!\0B!B!4\0B B\r\0!B@!\Z\0B!\0B!B!4\0B B?\0#\0\0\0\0IENDB`','car.png'),(42,'01-111-ac','green','2016-03-09',1231.1,175,'Exif\0\0MM\0*\0\0\0\0\0\0\0\0\0\0\0\Z\0\0\0\0\0\0\0b\0\0\0\0\0\0\0j(\0\0\0\0\0\0\01\0\0\0\0\0\0\0r2\0\0\0\0\0\0\0i\0\0\0\0\0\0\0\0\0\0\0\n\0\0\'\0\n\0\0\'Adobe Photoshop CS6 (Windows)\02013:10:29 14:10:20\0\0\0\0\0\0\0\0\0\0\0\0\0\0\0\0\0\0\0\0\0\0\0\0\0\0\0\0\0\0\0\0\0\0\0\0\0\Z\0\0\0\0\0\0\0\0\0\0\0\0&(\0\0\0\0\0\0\0\0\0\0\0\0\0.\0\0\0\0\0\0X\0\0\0\0\0\0\0H\0\0\0\0\0\0H\0\0\0XICC_PROFILE\0\0\0HLino\0\0mntrRGB XYZ \0\0	\0\01\0\0acspMSFT\0\0\0\0IEC sRGB\0\0\0\0\0\0\0\0\0\0\0\0\0\0\0\0\0\0\0-HP  \0\0\0\0\0\0\0\0\0\0\0\0\0\0\0\0\0\0\0\0\0\0\0\0\0\0\0\0\0\0\0\0\0\0\0\0\0\0\0\0\0\0\0\0\0\0\0cprt\0\0P\0\0\03desc\0\0\0\0\0lwtpt\0\0\0\0\0bkpt\0\0\0\0\0rXYZ\0\0\0\0\0gXYZ\0\0,\0\0\0bXYZ\0\0@\0\0\0dmnd\0\0T\0\0\0pdmdd\0\0\0\0\0vued\0\0L\0\0\0view\0\0\0\0\0$lumi\0\0\0\0\0meas\0\0\0\0\0$tech\0\00\0\0\0rTRC\0\0<\0\0gTRC\0\0<\0\0bTRC\0\0<\0\0text\0\0\0\0Copyright (c) 1998 Hewlett-Packard Company\0\0desc\0\0\0\0\0\0\0sRGB IEC61966-2.1\0\0\0\0\0\0\0\0\0\0\0sRGB IEC61966-2.1\0\0\0\0\0\0\0\0\0\0\0\0\0\0\0\0\0\0\0\0\0\0\0\0\0\0\0\0\0\0\0\0\0\0\0\0\0\0\0\0\0\0\0\0\0\0\0\0\0\0XYZ \0\0\0\0\0\0Q\0\0\0\0XYZ \0\0\0\0\0\0\0\0\0\0\0\0\0\0\0\0XYZ \0\0\0\0\0\0o\0\08\0\0XYZ \0\0\0\0\0\0b\0\0\0\0XYZ \0\0\0\0\0\0$\0\0\0\0desc\0\0\0\0\0\0\0IEC http://www.iec.ch\0\0\0\0\0\0\0\0\0\0\0IEC http://www.iec.ch\0\0\0\0\0\0\0\0\0\0\0\0\0\0\0\0\0\0\0\0\0\0\0\0\0\0\0\0\0\0\0\0\0\0\0\0\0\0\0\0\0\0\0\0\0\0desc\0\0\0\0\0\0\0.IEC 61966-2.1 Default RGB colour space - sRGB\0\0\0\0\0\0\0\0\0\0\0.IEC 61966-2.1 Default RGB colour space - sRGB\0\0\0\0\0\0\0\0\0\0\0\0\0\0\0\0\0\0\0\0\0\0desc\0\0\0\0\0\0\0,Reference Viewing Condition in IEC61966-2.1\0\0\0\0\0\0\0\0\0\0\0,Reference Viewing Condition in IEC61966-2.1\0\0\0\0\0\0\0\0\0\0\0\0\0\0\0\0\0\0\0\0\0\0\0\0\0\0view\0\0\0\0\0\0_.\0\0\0\0\\\0\0\0XYZ \0\0\0\0\0L	V\0P\0\0\0Wmeas\0\0\0\0\0\0\0\0\0\0\0\0\0\0\0\0\0\0\0\0\0\0\0\0\0\0\0\0sig \0\0\0\0CRT curv\0\0\0\0\0\0\0\0\0\0\0\n\0\0\0\0\0#\0(\0-\02\07\0;\0@\0E\0J\0O\0T\0Y\0^\0c\0h\0m\0r\0w\0|\0\0\0\0\0\0\0\0\0\0\0\0\0\0\0\0\0\0\0\0\0\0\0\0\0\r%+28>ELRY`gnu|&/8AKT]gqz\0!-8COZfr~ -;HUcq~\r+:IXgw\'7HYj{+=Oat2FZn		%	:	O	d	y						\n\n\'\n=\nT\nj\n\n\n\n\n\n\"9Qi*C\\u\r\r\r&\r@\rZ\rt\r\r\r\r\r.Id	%A^z	&Ca~1Om&Ed#Cc\'Ij4Vx&IlAe@e Ek\Z\Z*\ZQ\Zw\Z\Z\Z;c*R{Gp@j>i  A l   !!H!u!!!\"\'\"U\"\"\"#\n#8#f###$$M$|$$%	%8%h%%%&\'&W&&&\'\'I\'z\'\'(\r(?(q(())8)k))**5*h**++6+i++,,9,n,,--A-v--..L.../$/Z///050l0011J1112*2c223\r3F3334+4e4455M555676r667$7`7788P8899B999:6:t::;-;k;;<\'<e<<=\"=a==> >`>>?!?a??@#@d@@A)AjAAB0BrBBC:C}CDDGDDEEUEEF\"FgFFG5G{GHHKHHIIcIIJ7J}JKKSKKL*LrLMMJMMN%NnNO\0OIOOP\'PqPQQPQQR1R|RSS_SSTBTTU(UuUVV\\VVWDWWX/X}XY\ZYiYZZVZZ[E[[\\5\\\\]\']x]^\Z^l^__a_``W``aOaabIbbcCccd@dde=eef=ffg=ggh?hhiCiijHjjkOkklWlmm`mnnknooxop+ppq:qqrKrss]sttptu(uuv>vvwVwxxnxy*yyzFz{{c{|!||}A}~~b~#G\nk͂0WGrׇ;iΉ3dʋ0cʍ1fΏ6n֑?zM _ɖ4\nuL$h՛BdҞ@iءG&vVǥ8\ZnRĩ7u\\ЭD-\0u`ֲK³8%yhYѹJº;.!\nzpg_XQKFAǿ=ȼ:ɹ8ʷ6˶5̵5͵6ζ7ϸ9к<Ѿ?DINU\\dlvۀ܊ݖޢ)߯6DScs\r2F[p(@Xr4Pm8Ww)Km\0Adobe_CM\0\0Adobe\0d\0\0\0\0\0			\n\r\r\r\0\0\0\"\0\0\0?\0\0\0\0\0\0\0\0\0\0	\n\0\0\0\0\0\0\0\0\0	\n\03\0!1AQa\"q2B#$Rb34rC%Scs5&DTdE£t6UeuF\'Vfv7GWgw\05\0!1AQaq\"2B#R3$brCScs4%&5DTdEU6teuFVfv\'7GWgw\0\0\0?\0TI%,\'I%-	Bu\'EvnY;A7=豩)[ʵ1orW9.#cρuղݗ:OdVٝJ{\0FuO.©Ց[;`tX<.qɍq FQ}eacPBD_S>?\\9>mp67\"0CsLpAD1Hb\n2J\0TI%)$IJ^m6r4V\'ӟWb⋺߫E.aeWn+.m8WL~S?zj+s-VUf-?PzΖ1v {m1uq(.ml%\rfw*a>m:SjSa,x<5^K!W:~C\ZjSrzFd1FCNc}\\\0)cW\0r\r~saLS@╫@g:oqNːI%u9)N\'Ϗ~́0ǫS6_׀\0Xw{^Y%&Gcޕв\"X]KmgkOZ}Yux\'ټt|bcЇp=N2ȶP}jErVz9?&c֝ZmoA{JMQB@Hd[]K{=C&~]KYA:C`q\rSmPc-]\'OuRt-oO6G_Sv8\Z#D)*MX,vb1K2>aI{!}=[Q-!֑4V>t@$ʓK[[y?w@LGoT\0\\֒˓z\'s\0WyM0W\0:Bnq##_ֿ@OoMl\rNS7\0փ>2RSӚHz}9Яq`\\ c\\+,\'lc;[R̜OK\Zåۡ6]ndXcyi;Tj 1xOk$B=1ζl18+WzYSVI=s\'D\r$(&C@Q}\'A2T&A	Hma\0Uw{cY:΁I@ W2`jS	))twSb#&KV6WXq8?/@\'`ވ:~=}w>it7荿}oclx9sLGo?e{eq%\0)>8˳7tk.;K[K7VہT\0\0z.uO7v̌+-9w߽[aʬuWӵI9@c3ؖ#@8PR\\g[\0.!Ifx\'z\r˴~5Z\0A24B1GcenLٍEv8sgH 8PF WgّiGαy/eϹ1^s.9O+\0°ޡ%\'lkMjX\rxGYzTV˳n;w)ESfىs/hO~>-U^mv+ȱEB8=֟wzlFFO%YWdX\'rܭXTI\'2J?	Rk	Ɯ!%>,2xG>X<\rn\0m]nk2[B^\ZŕΖU1p\0ɯU99\0$S.~MfTHkaߝF\'e[?|D,EE\"䙑cys|d{ȶ~*\'BYb\\\rKTN9Y[	\0[Z,=G/KƼdc{~1)0e\Zw\\\ZaR߁\r^@gw?411\Z~]c\0Ԯ\0ecVKu1A#tTG!C: oꅾQ}_5Uձޛ\\\\7VkwU+\0p<<,OJ+qCc\r4Cu[};Ԡr\0\0?gJ{5ec$ħ7;RBՒ|O]n۰_t8zGo\Z[5]\'K>Sy!p\0C܂w_lX<Z?˛B׭u\\&C{L7hi`ֱZ?HC(Ui\0u*NDI1\Zޅ΃2lM\0MI~U?5^8ǜWL,y\'psr?jߠ#UOO?Mk#/u/8A4$\\@\"AH8VX(k~HwbRUjԇLXynG|\Zrw#\"6A!Photoshop 3.0\08BIM%\0\0\0\0\0\0\0\0\0\0\0\0\0\0\0\0\0\0\0\0\08BIM:\0\0\0\0\0\0\0\0\0\0\0\0\0\0\0\0printOutput\0\0\0\0\0\0\0PstSbool\0\0\0\0Inteenum\0\0\0\0Inte\0\0\0\0Clrm\0\0\0printSixteenBitbool\0\0\0\0printerNameTEXT\0\0\0\0\0\0\0\0printProofSetupObjc\0\0\0\0P\0r\0o\0o\0f\0 \0S\0e\0t\0u\0p\0\0\0\0\0\nproofSetup\0\0\0\0\0\0\0Bltnenum\0\0\0builtinProof\0\0\0	proofCMYK\08BIM;\0\0\0\0-\0\0\0\0\0\0\0\0\0\0\0printOutputOptions\0\0\0\0\0\0\0Cptnbool\0\0\0\0\0Clbrbool\0\0\0\0\0RgsMbool\0\0\0\0\0CrnCbool\0\0\0\0\0CntCbool\0\0\0\0\0Lblsbool\0\0\0\0\0Ngtvbool\0\0\0\0\0EmlDbool\0\0\0\0\0Intrbool\0\0\0\0\0BckgObjc\0\0\0\0\0\0\0\0\0RGBC\0\0\0\0\0\0\0Rd  doub@o\0\0\0\0\0\0\0\0\0Grn doub@o\0\0\0\0\0\0\0\0\0Bl  doub@o\0\0\0\0\0\0\0\0\0BrdTUntF#Rlt\0\0\0\0\0\0\0\0\0\0\0\0Bld UntF#Rlt\0\0\0\0\0\0\0\0\0\0\0\0RsltUntF#Pxl@R\0\0\0\0\0\0\0\0\0\nvectorDatabool\0\0\0\0PgPsenum\0\0\0\0PgPs\0\0\0\0PgPC\0\0\0\0LeftUntF#Rlt\0\0\0\0\0\0\0\0\0\0\0\0Top UntF#Rlt\0\0\0\0\0\0\0\0\0\0\0\0Scl UntF#Prc@Y\0\0\0\0\0\0\0\0\0cropWhenPrintingbool\0\0\0\0cropRectBottomlong\0\0\0\0\0\0\0cropRectLeftlong\0\0\0\0\0\0\0\rcropRectRightlong\0\0\0\0\0\0\0cropRectToplong\0\0\0\0\08BIM\0\0\0\0\0\0H\0\0\0\0\0H\0\0\0\08BIM&\0\0\0\0\0\0\0\0\0\0\0\0\0\0\0?\0\08BIM\r\0\0\0\0\0\0\0\0x8BIM\0\0\0\0\0\0\0\08BIM\0\0\0\0\0	\0\0\0\0\0\0\0\0\08BIM\'\0\0\0\0\0\n\0\0\0\0\0\0\0\08BIM\0\0\0\0\0H\0/ff\0\0lff\0\0\0\0\0\0\0/ff\0\0\0\0\0\0\0\0\02\0\0\0\0Z\0\0\0\0\0\0\0\0\05\0\0\0\0-\0\0\0\0\0\0\0\08BIM\0\0\0\0\0p\0\0\0\0\0\0\0\0\0\0\0\0\0\0\0\08BIM\0\0\0\0\0\0\08BIM\0\0\0\0\0\0\0\0\0\0\08BIM0\0\0\0\0\0\08BIM-\0\0\0\0\0\0\0\0\08BIM\0\0\0\0\0\0\0\0\0\0@\0\0@\0\0\0\08BIM\0\0\0\0\0\0\0\0\08BIM\Z\0\0\0\0I\0\0\0\0\0\0\0\0\0\0\0\0\0\0\0\0\0\0\0\0\n\0U\0n\0t\0i\0t\0l\0e\0d\0-\01\0\0\0\0\0\0\0\0\0\0\0\0\0\0\0\0\0\0\0\0\0\0\0\0\0\0\0\0\0\0\0\0\0\0\0\0\0\0\0\0\0\0\0\0\0\0\0\0\0\0\0\0\0\0\0\0\0\0\0\0\0\0\0\0\0\0\0\0\0\0\0\0\0\0\0\0\0\0\0\0null\0\0\0\0\0\0boundsObjc\0\0\0\0\0\0\0\0\0Rct1\0\0\0\0\0\0\0Top long\0\0\0\0\0\0\0\0Leftlong\0\0\0\0\0\0\0\0Btomlong\0\0\0\0\0\0\0Rghtlong\0\0\0\0\0\0slicesVlLs\0\0\0Objc\0\0\0\0\0\0\0\0slice\0\0\0\0\0\0sliceIDlong\0\0\0\0\0\0\0groupIDlong\0\0\0\0\0\0\0originenum\0\0\0ESliceOrigin\0\0\0\rautoGenerated\0\0\0\0Typeenum\0\0\0\nESliceType\0\0\0\0Img \0\0\0boundsObjc\0\0\0\0\0\0\0\0\0Rct1\0\0\0\0\0\0\0Top long\0\0\0\0\0\0\0\0Leftlong\0\0\0\0\0\0\0\0Btomlong\0\0\0\0\0\0\0Rghtlong\0\0\0\0\0\0urlTEXT\0\0\0\0\0\0\0\0\0nullTEXT\0\0\0\0\0\0\0\0\0MsgeTEXT\0\0\0\0\0\0\0\0altTagTEXT\0\0\0\0\0\0\0\0cellTextIsHTMLbool\0\0\0cellTextTEXT\0\0\0\0\0\0\0\0	horzAlignenum\0\0\0ESliceHorzAlign\0\0\0default\0\0\0	vertAlignenum\0\0\0ESliceVertAlign\0\0\0default\0\0\0bgColorTypeenum\0\0\0ESliceBGColorType\0\0\0\0None\0\0\0	topOutsetlong\0\0\0\0\0\0\0\nleftOutsetlong\0\0\0\0\0\0\0bottomOutsetlong\0\0\0\0\0\0\0rightOutsetlong\0\0\0\0\08BIM(\0\0\0\0\0\0\0\0?\0\0\0\0\0\08BIM\0\0\0\0\0\0\0\08BIM\0\0\0\0t\0\0\0\0\0\0\0\0\0\0\0\0\0\0\0\0X\0\0XICC_PROFILE\0\0\0HLino\0\0mntrRGB XYZ \0\0	\0\01\0\0acspMSFT\0\0\0\0IEC sRGB\0\0\0\0\0\0\0\0\0\0\0\0\0\0\0\0\0\0\0-HP  \0\0\0\0\0\0\0\0\0\0\0\0\0\0\0\0\0\0\0\0\0\0\0\0\0\0\0\0\0\0\0\0\0\0\0\0\0\0\0\0\0\0\0\0\0\0\0cprt\0\0P\0\0\03desc\0\0\0\0\0lwtpt\0\0\0\0\0bkpt\0\0\0\0\0rXYZ\0\0\0\0\0gXYZ\0\0,\0\0\0bXYZ\0\0@\0\0\0dmnd\0\0T\0\0\0pdmdd\0\0\0\0\0vued\0\0L\0\0\0view\0\0\0\0\0$lumi\0\0\0\0\0meas\0\0\0\0\0$tech\0\00\0\0\0rTRC\0\0<\0\0gTRC\0\0<\0\0bTRC\0\0<\0\0text\0\0\0\0Copyright (c) 1998 Hewlett-Packard Company\0\0desc\0\0\0\0\0\0\0sRGB IEC61966-2.1\0\0\0\0\0\0\0\0\0\0\0sRGB IEC61966-2.1\0\0\0\0\0\0\0\0\0\0\0\0\0\0\0\0\0\0\0\0\0\0\0\0\0\0\0\0\0\0\0\0\0\0\0\0\0\0\0\0\0\0\0\0\0\0\0\0\0\0XYZ \0\0\0\0\0\0Q\0\0\0\0XYZ \0\0\0\0\0\0\0\0\0\0\0\0\0\0\0\0XYZ \0\0\0\0\0\0o\0\08\0\0XYZ \0\0\0\0\0\0b\0\0\0\0XYZ \0\0\0\0\0\0$\0\0\0\0desc\0\0\0\0\0\0\0IEC http://www.iec.ch\0\0\0\0\0\0\0\0\0\0\0IEC http://www.iec.ch\0\0\0\0\0\0\0\0\0\0\0\0\0\0\0\0\0\0\0\0\0\0\0\0\0\0\0\0\0\0\0\0\0\0\0\0\0\0\0\0\0\0\0\0\0\0desc\0\0\0\0\0\0\0.IEC 61966-2.1 Default RGB colour space - sRGB\0\0\0\0\0\0\0\0\0\0\0.IEC 61966-2.1 Default RGB colour space - sRGB\0\0\0\0\0\0\0\0\0\0\0\0\0\0\0\0\0\0\0\0\0\0desc\0\0\0\0\0\0\0,Reference Viewing Condition in IEC61966-2.1\0\0\0\0\0\0\0\0\0\0\0,Reference Viewing Condition in IEC61966-2.1\0\0\0\0\0\0\0\0\0\0\0\0\0\0\0\0\0\0\0\0\0\0\0\0\0\0view\0\0\0\0\0\0_.\0\0\0\0\\\0\0\0XYZ \0\0\0\0\0L	V\0P\0\0\0Wmeas\0\0\0\0\0\0\0\0\0\0\0\0\0\0\0\0\0\0\0\0\0\0\0\0\0\0\0\0sig \0\0\0\0CRT curv\0\0\0\0\0\0\0\0\0\0\0\n\0\0\0\0\0#\0(\0-\02\07\0;\0@\0E\0J\0O\0T\0Y\0^\0c\0h\0m\0r\0w\0|\0\0\0\0\0\0\0\0\0\0\0\0\0\0\0\0\0\0\0\0\0\0\0\0\0\r%+28>ELRY`gnu|&/8AKT]gqz\0!-8COZfr~ -;HUcq~\r+:IXgw\'7HYj{+=Oat2FZn		%	:	O	d	y						\n\n\'\n=\nT\nj\n\n\n\n\n\n\"9Qi*C\\u\r\r\r&\r@\rZ\rt\r\r\r\r\r.Id	%A^z	&Ca~1Om&Ed#Cc\'Ij4Vx&IlAe@e Ek\Z\Z*\ZQ\Zw\Z\Z\Z;c*R{Gp@j>i  A l   !!H!u!!!\"\'\"U\"\"\"#\n#8#f###$$M$|$$%	%8%h%%%&\'&W&&&\'\'I\'z\'\'(\r(?(q(())8)k))**5*h**++6+i++,,9,n,,--A-v--..L.../$/Z///050l0011J1112*2c223\r3F3334+4e4455M555676r667$7`7788P8899B999:6:t::;-;k;;<\'<e<<=\"=a==> >`>>?!?a??@#@d@@A)AjAAB0BrBBC:C}CDDGDDEEUEEF\"FgFFG5G{GHHKHHIIcIIJ7J}JKKSKKL*LrLMMJMMN%NnNO\0OIOOP\'PqPQQPQQR1R|RSS_SSTBTTU(UuUVV\\VVWDWWX/X}XY\ZYiYZZVZZ[E[[\\5\\\\]\']x]^\Z^l^__a_``W``aOaabIbbcCccd@dde=eef=ffg=ggh?hhiCiijHjjkOkklWlmm`mnnknooxop+ppq:qqrKrss]sttptu(uuv>vvwVwxxnxy*yyzFz{{c{|!||}A}~~b~#G\nk͂0WGrׇ;iΉ3dʋ0cʍ1fΏ6n֑?zM _ɖ4\nuL$h՛BdҞ@iءG&vVǥ8\ZnRĩ7u\\ЭD-\0u`ֲK³8%yhYѹJº;.!\nzpg_XQKFAǿ=ȼ:ɹ8ʷ6˶5̵5͵6ζ7ϸ9к<Ѿ?DINU\\dlvۀ܊ݖޢ)߯6DScs\r2F[p(@Xr4Pm8Ww)Km\0Adobe_CM\0\0Adobe\0d\0\0\0\0\0			\n\r\r\r\0\0\0\"\0\0\0?\0\0\0\0\0\0\0\0\0\0	\n\0\0\0\0\0\0\0\0\0	\n\03\0!1AQa\"q2B#$Rb34rC%Scs5&DTdE£t6UeuF\'Vfv7GWgw\05\0!1AQaq\"2B#R3$brCScs4%&5DTdEU6teuFVfv\'7GWgw\0\0\0?\0TI%,\'I%-	Bu\'EvnY;A7=豩)[ʵ1orW9.#cρuղݗ:OdVٝJ{\0FuO.©Ց[;`tX<.qɍq FQ}eacPBD_S>?\\9>mp67\"0CsLpAD1Hb\n2J\0TI%)$IJ^m6r4V\'ӟWb⋺߫E.aeWn+.m8WL~S?zj+s-VUf-?PzΖ1v {m1uq(.ml%\rfw*a>m:SjSa,x<5^K!W:~C\ZjSrzFd1FCNc}\\\0)cW\0r\r~saLS@╫@g:oqNːI%u9)N\'Ϗ~́0ǫS6_׀\0Xw{^Y%&Gcޕв\"X]KmgkOZ}Yux\'ټt|bcЇp=N2ȶP}jErVz9?&c֝ZmoA{JMQB@Hd[]K{=C&~]KYA:C`q\rSmPc-]\'OuRt-oO6G_Sv8\Z#D)*MX,vb1K2>aI{!}=[Q-!֑4V>t@$ʓK[[y?w@LGoT\0\\֒˓z\'s\0WyM0W\0:Bnq##_ֿ@OoMl\rNS7\0փ>2RSӚHz}9Яq`\\ c\\+,\'lc;[R̜OK\Zåۡ6]ndXcyi;Tj 1xOk$B=1ζl18+WzYSVI=s\'D\r$(&C@Q}\'A2T&A	Hma\0Uw{cY:΁I@ W2`jS	))twSb#&KV6WXq8?/@\'`ވ:~=}w>it7荿}oclx9sLGo?e{eq%\0)>8˳7tk.;K[K7VہT\0\0z.uO7v̌+-9w߽[aʬuWӵI9@c3ؖ#@8PR\\g[\0.!Ifx\'z\r˴~5Z\0A24B1GcenLٍEv8sgH 8PF WgّiGαy/eϹ1^s.9O+\0°ޡ%\'lkMjX\rxGYzTV˳n;w)ESfىs/hO~>-U^mv+ȱEB8=֟wzlFFO%YWdX\'rܭXTI\'2J?	Rk	Ɯ!%>,2xG>X<\rn\0m]nk2[B^\ZŕΖU1p\0ɯU99\0$S.~MfTHkaߝF\'e[?|D,EE\"䙑cys|d{ȶ~*\'BYb\\\rKTN9Y[	\0[Z,=G/KƼdc{~1)0e\Zw\\\ZaR߁\r^@gw?411\Z~]c\0Ԯ\0ecVKu1A#tTG!C: oꅾQ}_5Uձޛ\\\\7VkwU+\0p<<,OJ+qCc\r4Cu[};Ԡr\0\0?gJ{5ec$ħ7;RBՒ|O]n۰_t8zGo\Z[5]\'K>Sy!p\0C܂w_lX<Z?˛B׭u\\&C{L7hi`ֱZ?HC(Ui\0u*NDI1\Zޅ΃2lM\0MI~U?5^8ǜWL,y\'psr?jߠ#UOO?Mk#/u/8A4$\\@\"AH8VX(k~HwbRUjԇLXynG|\Zrw#\"6A8BIM!\0\0\0\0\0U\0\0\0\0\0\0\0A\0d\0o\0b\0e\0 \0P\0h\0o\0t\0o\0s\0h\0o\0p\0\0\0\0A\0d\0o\0b\0e\0 \0P\0h\0o\0t\0o\0s\0h\0o\0p\0 \0C\0S\06\0\0\0\08BIM\0\0\0\0\0\0\0\0http://ns.adobe.com/xap/1.0/\0<?xpacket begin=\"﻿\" id=\"W5M0MpCehiHzreSzNTczkc9d\"?> <x:xmpmeta xmlns:x=\"adobe:ns:meta/\" x:xmptk=\"Adobe XMP Core 5.3-c011 66.145661, 2012/02/06-14:56:27        \"> <rdf:RDF xmlns:rdf=\"http://www.w3.org/1999/02/22-rdf-syntax-ns#\"> <rdf:Description rdf:about=\"\" xmlns:xmp=\"http://ns.adobe.com/xap/1.0/\" xmlns:xmpMM=\"http://ns.adobe.com/xap/1.0/mm/\" xmlns:stEvt=\"http://ns.adobe.com/xap/1.0/sType/ResourceEvent#\" xmlns:photoshop=\"http://ns.adobe.com/photoshop/1.0/\" xmlns:dc=\"http://purl.org/dc/elements/1.1/\" xmp:CreatorTool=\"Adobe Photoshop CS6 (Windows)\" xmp:CreateDate=\"2013-10-29T14:10:20+06:00\" xmp:MetadataDate=\"2013-10-29T14:10:20+06:00\" xmp:ModifyDate=\"2013-10-29T14:10:20+06:00\" xmpMM:InstanceID=\"xmp.iid:3EE6653B7140E311AFB48D99F57A24DC\" xmpMM:DocumentID=\"xmp.did:3DE6653B7140E311AFB48D99F57A24DC\" xmpMM:OriginalDocumentID=\"xmp.did:3DE6653B7140E311AFB48D99F57A24DC\" photoshop:ColorMode=\"3\" photoshop:ICCProfile=\"sRGB IEC61966-2.1\" dc:format=\"image/jpeg\"> <xmpMM:History> <rdf:Seq> <rdf:li stEvt:action=\"created\" stEvt:instanceID=\"xmp.iid:3DE6653B7140E311AFB48D99F57A24DC\" stEvt:when=\"2013-10-29T14:10:20+06:00\" stEvt:softwareAgent=\"Adobe Photoshop CS6 (Windows)\"/> <rdf:li stEvt:action=\"saved\" stEvt:instanceID=\"xmp.iid:3EE6653B7140E311AFB48D99F57A24DC\" stEvt:when=\"2013-10-29T14:10:20+06:00\" stEvt:softwareAgent=\"Adobe Photoshop CS6 (Windows)\" stEvt:changed=\"/\"/> </rdf:Seq> </xmpMM:History> <photoshop:DocumentAncestors> <rdf:Bag> <rdf:li>77F3E904780BF921EC512A73361112AB</rdf:li> <rdf:li>A265C8BA82B3E81C7242A020BBB2D1EE</rdf:li> <rdf:li>CD7B0048D480DF1CFA885AB5B4EA9E8B</rdf:li> </rdf:Bag> </photoshop:DocumentAncestors> </rdf:Description> </rdf:RDF> </x:xmpmeta>                                                                                                                                                                                                                                                                                                                                                                                                                                                                                                                                                                                                                                                                                                                                                                                                                                                                                                                                                                                                                                                                                                                                                                                                                                                                                                                                                                                                                                                                                                                                                                                                                                                                                                                                                                                                                                                                                                                                                                                                                                                                                                                                 <?xpacket end=\"w\"?>XICC_PROFILE\0\0\0HLino\0\0mntrRGB XYZ \0\0	\0\01\0\0acspMSFT\0\0\0\0IEC sRGB\0\0\0\0\0\0\0\0\0\0\0\0\0\0\0\0\0\0-HP  \0\0\0\0\0\0\0\0\0\0\0\0\0\0\0\0\0\0\0\0\0\0\0\0\0\0\0\0\0\0\0\0\0\0\0\0\0\0\0\0\0\0\0\0\0\0\0cprt\0\0P\0\0\03desc\0\0\0\0\0lwtpt\0\0\0\0\0bkpt\0\0\0\0\0rXYZ\0\0\0\0\0gXYZ\0\0,\0\0\0bXYZ\0\0@\0\0\0dmnd\0\0T\0\0\0pdmdd\0\0\0\0\0vued\0\0L\0\0\0view\0\0\0\0\0$lumi\0\0\0\0\0meas\0\0\0\0\0$tech\0\00\0\0\0rTRC\0\0<\0\0gTRC\0\0<\0\0bTRC\0\0<\0\0text\0\0\0\0Copyright (c) 1998 Hewlett-Packard Company\0\0desc\0\0\0\0\0\0\0sRGB IEC61966-2.1\0\0\0\0\0\0\0\0\0\0\0sRGB IEC61966-2.1\0\0\0\0\0\0\0\0\0\0\0\0\0\0\0\0\0\0\0\0\0\0\0\0\0\0\0\0\0\0\0\0\0\0\0\0\0\0\0\0\0\0\0\0\0\0\0\0\0\0XYZ \0\0\0\0\0\0Q\0\0\0\0XYZ \0\0\0\0\0\0\0\0\0\0\0\0\0\0\0\0XYZ \0\0\0\0\0\0o\0\08\0\0XYZ \0\0\0\0\0\0b\0\0\0\0XYZ \0\0\0\0\0\0$\0\0\0\0desc\0\0\0\0\0\0\0IEC http://www.iec.ch\0\0\0\0\0\0\0\0\0\0\0IEC http://www.iec.ch\0\0\0\0\0\0\0\0\0\0\0\0\0\0\0\0\0\0\0\0\0\0\0\0\0\0\0\0\0\0\0\0\0\0\0\0\0\0\0\0\0\0\0\0\0\0desc\0\0\0\0\0\0\0.IEC 61966-2.1 Default RGB colour space - sRGB\0\0\0\0\0\0\0\0\0\0\0.IEC 61966-2.1 Default RGB colour space - sRGB\0\0\0\0\0\0\0\0\0\0\0\0\0\0\0\0\0\0\0\0\0\0desc\0\0\0\0\0\0\0,Reference Viewing Condition in IEC61966-2.1\0\0\0\0\0\0\0\0\0\0\0,Reference Viewing Condition in IEC61966-2.1\0\0\0\0\0\0\0\0\0\0\0\0\0\0\0\0\0\0\0\0\0\0\0\0\0\0view\0\0\0\0\0\0_.\0\0\0\0\\\0\0\0XYZ \0\0\0\0\0L	V\0P\0\0\0Wmeas\0\0\0\0\0\0\0\0\0\0\0\0\0\0\0\0\0\0\0\0\0\0\0\0\0\0\0\0sig \0\0\0\0CRT curv\0\0\0\0\0\0\0\0\0\0\0\n\0\0\0\0\0#\0(\0-\02\07\0;\0@\0E\0J\0O\0T\0Y\0^\0c\0h\0m\0r\0w\0|\0\0\0\0\0\0\0\0\0\0\0\0\0\0\0\0\0\0\0\0\0\0\0\0\0\r%+28>ELRY`gnu|&/8AKT]gqz\0!-8COZfr~ -;HUcq~\r+:IXgw\'7HYj{+=Oat2FZn		%	:	O	d	y						\n\n\'\n=\nT\nj\n\n\n\n\n\n\"9Qi*C\\u\r\r\r&\r@\rZ\rt\r\r\r\r\r.Id	%A^z	&Ca~1Om&Ed#Cc\'Ij4Vx&IlAe@e Ek\Z\Z*\ZQ\Zw\Z\Z\Z;c*R{Gp@j>i  A l   !!H!u!!!\"\'\"U\"\"\"#\n#8#f###$$M$|$$%	%8%h%%%&\'&W&&&\'\'I\'z\'\'(\r(?(q(())8)k))**5*h**++6+i++,,9,n,,--A-v--..L.../$/Z///050l0011J1112*2c223\r3F3334+4e4455M555676r667$7`7788P8899B999:6:t::;-;k;;<\'<e<<=\"=a==> >`>>?!?a??@#@d@@A)AjAAB0BrBBC:C}CDDGDDEEUEEF\"FgFFG5G{GHHKHHIIcIIJ7J}JKKSKKL*LrLMMJMMN%NnNO\0OIOOP\'PqPQQPQQR1R|RSS_SSTBTTU(UuUVV\\VVWDWWX/X}XY\ZYiYZZVZZ[E[[\\5\\\\]\']x]^\Z^l^__a_``W``aOaabIbbcCccd@dde=eef=ffg=ggh?hhiCiijHjjkOkklWlmm`mnnknooxop+ppq:qqrKrss]sttptu(uuv>vvwVwxxnxy*yyzFz{{c{|!||}A}~~b~#G\nk͂0WGrׇ;iΉ3dʋ0cʍ1fΏ6n֑?zM _ɖ4\nuL$h՛BdҞ@iءG&vVǥ8\ZnRĩ7u\\ЭD-\0u`ֲK³8%yhYѹJº;.!\nzpg_XQKFAǿ=ȼ:ɹ8ʷ6˶5̵5͵6ζ7ϸ9к<Ѿ?DINU\\dlvۀ܊ݖޢ)߯6DScs\r2F[p(@Xr4Pm8Ww)Km\0&Adobe\0d@\0\0\0\0\n\r\0\0\0\0\0\0\0\0\0\0\0\0\0\0\0\0\0\0\0\0\0\0\0\0\0\0\0\0\0\0\0\0\0\0\0\0\0\0	\n\0\0\0\0\0\0\0\0\0\0\0\0\0\0\0\0\0\0\0 !1\"A2#03B4\0\r\0\0\0\0!1QAa\"q2BRb#3rc$ S0C4Dt%\0\0\0\0\0\0\0\0\0 !10AQa\"2qBR#3\0\0\0\0\0\0!1AQaq 0\0\0\0R$nHg*Su/kQCn+PPP4No11c,~N,ye^{AAAA(s}cg%_v]/I7D$Q\rLS+3:\n\n,CRmH4E!.\0ᮮLc`X}+})ȳCd5{e\"7d\n$hHjmtbt*8kf`ENX6|#:Qa07q)ѣݬ@2|%s=rd*=<y2fՊ|dWl] ]$έ<z\r$:҂lN#y_瞞\r9[|<>ǐ\rL	Qz>݆<C}aiܷhwGD5{)&}sBHxFuy(kܪ&drkҖ47qZ\r\\vSC&ZW\nnUij#rr*V1\Z73@\\vtF=c	$~\"=Gq\Z.)x8o>vnJ\Z%hFHm*=DxsS2gR|9v=!m䫱\Z776R۩\0\0E@0;m3a۾9\"hQRI.X)rI7\ZН\Z*5E\'\'~/|=wyl[a9g	>9k҄$lm[kJHyMkI1~:kj˽pC^N$.\rvػ֙|lg2[~=E\0cNX@ρ9-xwhh;nlqjY,.~Q]XY&:ן]?R\0A-lRmtYMvH1;!MLwsE̐y\'suFpV0d\\THLFmI]KZjc-뾰\'{uZ>|dccÛ-zz5AnynϺ[\"ݞ({n,$/;KnnGv\"AM[\r8ywfn7ӞJq%8Q2]C,mRXǜ%א>}r1ULŗ6{%&[(NsZE-t7ᑰv{M\'MT&^ A Kb8nx;?{4[;I\0ITS;nd[g̖cj\'[6oA>dd]C%Zl\\rjtaWvǻmMsGydIѮ<fd?q ێxleYgQc\0\0\0iUUM@Z5{#W\ngGxjZ3n:ZE[7\'^a!mޭ.tGUٽL_qwqw4=hh=ä-\ZTDsPF9V՚iZ9sWK\Z⣈1QbG40gd?n]SiӜ1IeZѹv1YW-VNDNKjtFj]1\rN4Қ58U\ZϿz&jGr_TP*}xjk(\07)k@4\"}H4P&?Hܷ}YJ\0\0$:	[70k\Z\"\'[[m1ƞ?IZJ!qkI6\n\0@tD!iHTؖ7)D}_[v/;N]+itϋZ*	OoHI7*[^[jzww?Zqw9C0_ 7q6j!22.+kV(Zބ*gw#]\\@à,{&`YֳKxNp]ZE^?$nҭemyCҼoX\"h/VC9#=\nwpֶIz}9NxpzDq+O-	VՍ=9\0	?\0?>Hi@y/$8,h9n?.TnRSSKuLsrMx8&3/\\V-YRkr\np]\\h8XQJ*A8hx4tvCBӸЃ\0\'4BNoĘp8ⶄno\\A9\n`0,<\0?JcoX5wdEKHUbLs(:qD0$\"dē@E/CԖm9Ú\0>ݜ忳y2N~E,pjy\'X%eaz{H1}3RREKg\ni~9Ϋ%QL0ҫ@~>?l2ڮQx婎LQPP&\"0rC$ŶOO9&)\0?${$n&%qԔPI8彭L@uy)f$I,\rӷ@nx/|KlD_sum6hv#{M:u@m5<K{	tIs$sC2	\"&نFZXVڟ}H#Um%E\';3EHdk]mm=%E8gƣ*v^\nWS<tK)N(G	sdGr!z\",Ԏ*qVU\"RN-C6$ rpeԈX\nQƄknJT=5L[is~d\\ubV@F6iY,.kk䦴WZ5r\rJ\rfLvj;|Xf\n6*#>Ow׎+\'6kX}/ε\ZSC>\n9h;5h3.C>lh	8r=\n#\\G\n$HUHʮ2<c2űnE?ng`	⣁88P_آq؝变%g[xmEb}r,67(l-E{=HC5ȥz1ŘŻ|.o7B=w7DծEF,-!*ca}|um+FCAjxvMkqzbVw`\\Rc\Z<	8ڙ-DmTjMzH\n1{MWQ\'/0o1[ȃɡ}qBr-9\'<~.feFּcS>3ȣ>\"B1\Z#vfFT1\'Jx	.bc$^#:2G`+4%Y\Z@tqadaO`Ko婧<\0O\\<T\Zak!a`2^R\nb-\'8RKUPOi)*z)jcf481^+\\5A,WIUWʑpRAlX\\8bqzcqJ,o6F.(h}Vd= v5S$O2 I}{_AOA2#v/HXXEX{=:I8\Z0i;*S:vʌә\"J%U<{;q3jҮui3~XDeC6\nyS F}5KGՓ@e@bTXF@mexOek\rE!\"}:\\gufü&5ĩ%ͱ>~-J>ѫʙaRHSICFE4|硚胑:ˎB@@PqF#ZQ_\'iUQxjcqtnf~q<y?`^s̓|n<Au]Gb̟wq\' DliU/XMulffܚYn/oy\Z{@凓nG.^`s\r4j2\rFݧ&cT_rO*BέR=9g7KMzwKO[mRRݣ	)`´ºtqdpxuyH83N(2I<|6m1*wii5q+.q267ى6WO~%q[jNuw9U\"ZpO<2ܹ[^i撹һ;s.Cswr654Z2\0֛yHI}.v^xա\0T[|])lV93qmd$Nsƍ|.l[gp$Wp|˱uL9ƥFWv+vilKpi\rϹP#ZLJ\'Dv0]o/,{r[^O\r#AC5j⧏ӌ½xP+N5|8nyY<ViAx2ki`W>MۋMonV=IP#M%5֡oTOE\'D\n)զ\ZYr9cǤ}p3NTey![KQB[M]\0?[2{*h4AJBp۫nw4㌸bU$(}>*6F\Zj2{\r>P)YqpfuJ\nMG#\0{<t4hGBD#a0ز\"N17$\\n\rD]?e7ޭ}8Px҇ξ-91-h/MWVStƸd8}>r ЃG	i\Z./\0zZ>?Ukc%1!P{Gf\\\0:5>wc฽Gd\"4p^+J-fO@bF_ӷ܂8\n9y#\ZEk.CE$	`:yY}\0Dv.^FZ$l۳6\\ZL	n4xH67x>:KomzqZUH\0qO!d\n?|j{x\01[׼\\@ 3x.DpE*{=ohHʭSsT0Wd0ote7m,8~-髧iq[K)8\'cs/:Ks#/qǎ#z0<T~\0~>Md`jB)㡌¿}BS5ol۬nb0ECi\0ISfP\niU\Z\\\0?!({Jt=aN؝،&fž34\0Zx4%CS%8紻@g/HPy2	ѐq&U.dJRAucP̮:53*#Qȃ\'-E:@05!TF_6<b*z?숎urTTe!IeԶoAbP\Z\Z\0ҩ[vv#q\'r\0C~>,B@\0@ (A<s<Y/8F\\f\"	#\"v,P>{[9+L¹\Zwv뱡×cQψRzXI2Aa\\\'Me(|,ʆ[U	PhR\Zv,S\rkQV9bt^{ׯo:Yr9%Hp2:OO&09\Z6Z\"1*h˳L2}l֌\Z8*=\'ĪD5(2;Xd˸)n`l\'$,A 61RfF(9^@b!㫽B55Ŧ^R.\'(m:&Xl]W.\n[XCI5&\\p\nhZ)n8}*l_@M:k\nrh`li{>{;u\ZyL%ʵj41|\"fi,\n\0wRVu3Xٱ\"/R%XƂ\0T&rLB|mJne1\Zzow7=#~7bʢLQP\\ـ^W\'L$\00a9hHH9C\0TwWҺD>\080\nNPEIPH/Y%~4f\0TpAҶq/x͌å\nB1bi1\0ZXP߂[հ2zc]U:-L,p#`2j [\rU՚tQzD}4\Z\'lPacܥ?&<\"|ch=Ki.Q)KldLD͹˘K{beqضWFf+C1۩\r8f`Ub(4œ\rKu9T4N*DlJYM-A=]XӕUjDCx]l=yyu\0-9#+61A:nĤJy?ưht߈t,?.wJLJ7*+xB/YkW!\0k}aGInV.5M,BR鞍bD}?=aׇs^\r	7D`\'kU7;ӤTZt#ϰԹpZZd]#Y} H	IY\\4pei]a\0ݧvnNma.H0pȬ.\0F$aɝS(rWAw(os`\rF2y`W\n(1e`~e)H<J~l>򪂊0\Zѝ TT\048̞)qnNeu{T9gw9&l=W&pfTsd@!HM#s)c@Pdl΅(\0X\0IAv6Q,RQBGDU)z9/2zV(4NL\0?!^i^Hp?J\0asdܨỀY|1s\")hYNҒS&Ļ)redlw\n(ngT ϻ;\"kC[3e9ķ8%B+yUBpUNr<_g+Rxv.̺0b6RoB5VMη1`9sh\0GfwfotA0\0=#\0GZ~]`~rq*f(K9\0*$ߙmÏxO\0*ٸ?J^OtY`MƱGs7mf[&3q]\\Ozz74*߻8$n=rǬ	7z7镻6Av8 Ue/\0*f+f	Ka_Y23-]v*\\]U^>pnaO\0?!e[erz_hna.#g,9e9+}]*Xae^`uoNc\ntTJQS]ؕIz3҉L5U%z*c<B9	L Psy\0qOFQz+I*@LuJ\0mܧEތiPQ|V䴩ƭV&jd^ukVmrGҌ@~mKЬZ2[2veT`.sUްph--DN~??T|8Aϣq,);=YO>Wt?n9LFYҿJ*\nj\\=`&%g	\'c\Z:,+W/Yv}q&_}&_XEMUF (:3.9˙tjQ_APoY+ӽ.Lq>6j\0:PJN.a>C3lU:Hy_;w&:~#?ໂ=\0\0\0JI0*^\0\0zwP\04\0	եA\0B=ej\0ARvH=\\JU80+OBoq)w1fD\Z$Ўy;\0I\\\0?\0\01Ow?O?ɳ@dӷ\0U#D͂ZYe,Ȏb:(5	,Z9lhнnףXtVFAU>:eGkFpsHEfT5J0\'2LC	H*Y.)?VQ $PAҜ`NЌb.`\ZS=/hR\"t6mA\r#.qXhг@}k[\n\n\r7O(`%[tVW҆W*-8\Z=9̾UKq݇pjjhT=Z\ZP+AxDX\ZI S] ,-UU[0Z-sIڔKiQ!RQǔkkX6/6&tq+pxb_@clYnοQPXVYP,.뢐#QV6!\ZdFhCAZ5\Z~k\"4\n*gv%CH:f@S.2^5湁pQ6kZ*ZUbZ&ȧuDe(<y-ڳ(E\nhbXţW1rҠ& P߅j-a9}~\'`\0\0\0\0-͋@.[;\ZfbuWK_ے!0tFmm&29&P;קc,hK\0<+R\07jܫGĦ))68i34g/	XHhХ.k\0P\0 ^15DfaJ:){ .G)کtD<bخq)g͉wQf\"Mo٩X\0-FTeo[x=e\\YҬdQ!ãQ}\"!et|$\r2\\\Z\ZA+\Z\\»YA\n(ZMQE;1kTbN9q\\BUR\r})8*iZv.6N!$\\S[Q&o&sH]Ӕ04dƁkUBtv\n*_I%&0YnB*b\ne,TN0,\0i\n\0\0%UDҲE~^\Z9E\nNWdP8*.\nC<51bZ۶Foou\r-QEa^\n6\06_7Kܮ`dN*\ntm;ЖF\n\0Z:@Q++^aH:\nBFKQeIJ=*Fj5,DX?Q	H#w4K)7y{aqDkM#ԢF]x15u?Z5V%IrtJ8)R^G?G0a@5ۛE\nUΞuHmH,AŪ\0ql7Pcb%7y6jhϠ]JuGe^GVSTEB#82Rv5*,%AFlple!bH\'(욡vtwӑx]	dEt(\n`\\\\OdIpPD{\r!f#e/7\nR0\\,{&Sðb\n=P[E%p;y#)k\"bKZ(#pG|P6\rŮr\n=\r/j(+8.\0ƭtmBFTx#yn7n\\\ZPIlAVPư]*ю%**ok\0NX(7\0O\rF\n+⺠tB\Z!tMiN,rq-j\\Z\0\0,\n9Q*V.GE]-m@6<aXn/W-щ$[s[ɶi󒞂l\ZlĠt^(\Z-[DH)06D9c@klCWMUe\nOD焗]lK-KlT-T؊rx$<ї͍Q\"kT~PR-;vB\r#úR1iHzDԮ\0Skr湀\0)+8J{kEN-\ZQ(aCA:\rT0G6Trqjsn0^8j./s]\r7\Z/]zmeVHBN)&r$ƷB5!0Ы۱Ѹ.!|\ZB&<,K)s?\0?oX9ye\"v6M= \"J9%柸Az`\0IxLjɟl:ręĝGLH ܋=B0^Ik#Fgr!H_*_pFzǙ\0:L{#m%i-G:d	vM~%oƮS-8$֪ЖbXqeDjFGsեɔLYQZJaf:`	gn%pKKu9ǀH\0};LU:}\Z~[gPrk(mxDk~i0-꠾}=9K@\nBU}7\0z/v]R׫MK&YpBOm\'L.ӟ(<,6}*mJ-	GWG\r`\rE5<OsjT8iu]ә0rh\nA3..cn|ƕdM\\UQHF4V-6@ܝiqYe5\n\nǬ8%N(]DOyA\06DfcuW/\r\0\"jYkt\Z#l`3P^ʊ,1*f\"lo>jT.q=UJb_J[CP{F|_\nr0Yz\'wG=S5ڤk?1Yg\Z5_ȭB핽)z_(°G(\'dg$1n%[F xHcwObFv<5H|\0!ک{3Jj*H&;=:X|gȯZ3u|\0} O\0\\B@[w	\0n.MT\0?s+n_>W#jㄱl_amfˈ9_QkDS7\0!mFaT\0 yiS6jf#*\0n\\mUWV)V5zhe̻]斢[ab[TzSRx\0@=\Z, 42.FS1l\0׊`b$ɢ$ |7DFT\Z1\"9hy6X\"zBsy9D(8Gyl0 dIFR?cSjcmgvn!3^ V׳)v]\\P[{0uoacrlK2`SZ٪+R\Zlǒyݘpkox\r}~*&Fd+ψf|-+czG=m0-b !TIi@)}>zN&g^[/{n	rpV/JVWYyӈs\Z]HNKjM\0*\ZW/de9U\\:Yϣ((gT~{24VU.Y\rHM?-)\n[evK]k4\0\0ayo\'<EPX~\")A~Mwhx*VCŰ5(g:X7-sm,YmTU۶Wx\0>	EUiZMŇЀ@ 7gnPEe+#_G>em!\"	mTXb#,yz3=zY@7w76˘veޡyU~j2\"c	=O1۰@i3BnE\06q6O4F!	=~\ncǶ1S.כϦ?qG;?[[+# gAw(3-S9q\0^=4Wu}*R\"6jx','test.jpg'),(43,'02-111-ac','black','2016-03-11',12312,175,NULL,''),(44,'sdafa','dsfasd','2016-03-19',1231,181,NULL,''),(45,'','','2016-03-10',0,175,NULL,''),(46,'','','2016-03-06',0,176,NULL,''),(47,'sdfa','fasdfa','2016-03-12',0,170,NULL,''),(48,'sdfasdf','sdfa','2016-03-11',0,170,NULL,''),(49,'1231`','12312','2016-03-10',0,163,NULL,''),(50,'','','2017-02-03',0,176,NULL,''),(51,'sdfas','','2016-03-11',0,170,NULL,''),(52,'dsfasdfa','','2016-03-12',0,175,NULL,'');
/*!40000 ALTER TABLE `tblcar` ENABLE KEYS */;
UNLOCK TABLES;

--
-- Table structure for table `tblcar_type`
--

DROP TABLE IF EXISTS `tblcar_type`;
/*!40101 SET @saved_cs_client     = @@character_set_client */;
/*!40101 SET character_set_client = utf8 */;
CREATE TABLE `tblcar_type` (
  `Car_type_ID` int(11) NOT NULL AUTO_INCREMENT,
  `Name` varchar(45) DEFAULT NULL,
  `Producer` varchar(45) DEFAULT NULL,
  `Type` varchar(45) DEFAULT NULL,
  `Automatic` bit(1) DEFAULT NULL,
  PRIMARY KEY (`Car_type_ID`)
) ENGINE=InnoDB AUTO_INCREMENT=185 DEFAULT CHARSET=latin1;
/*!40101 SET character_set_client = @saved_cs_client */;

--
-- Dumping data for table `tblcar_type`
--

LOCK TABLES `tblcar_type` WRITE;
/*!40000 ALTER TABLE `tblcar_type` DISABLE KEYS */;
INSERT INTO `tblcar_type` VALUES (163,'Audi','Auto prishtina','quatro','\0'),(170,'Fesal','sdlfa','adslakf','\0'),(171,'sdjfakj','kdfsjkaf','djaskdfjk',''),(175,'Audi','Volswagen','r8',''),(176,'BMW','BMW','320 GT',''),(177,'dfasd','sdfa','sdfa','\0'),(178,'opel','sdfasdf','sdf','\0'),(179,'sdfasdfsdfasd','asdfasdf','sdfasdf',''),(180,'Volvo','Volvo','s60','\0'),(181,'Audi','Volswagen','a4','\0'),(182,'Porsche','Posrche','Panamera','\0'),(183,'Porsche','Posrche','Panamera',''),(184,'BMW','BMW','320','\0');
/*!40000 ALTER TABLE `tblcar_type` ENABLE KEYS */;
UNLOCK TABLES;

--
-- Table structure for table `user_roles`
--

DROP TABLE IF EXISTS `user_roles`;
/*!40101 SET @saved_cs_client     = @@character_set_client */;
/*!40101 SET character_set_client = utf8 */;
CREATE TABLE `user_roles` (
  `user_role_id` int(11) NOT NULL AUTO_INCREMENT,
  `username` varchar(45) NOT NULL,
  `role` varchar(45) NOT NULL,
  PRIMARY KEY (`user_role_id`),
  UNIQUE KEY `uni_username_role` (`role`,`username`),
  KEY `fk_username_idx` (`username`),
  CONSTRAINT `fk_username` FOREIGN KEY (`username`) REFERENCES `users` (`username`)
) ENGINE=InnoDB DEFAULT CHARSET=utf8;
/*!40101 SET character_set_client = @saved_cs_client */;

--
-- Dumping data for table `user_roles`
--

LOCK TABLES `user_roles` WRITE;
/*!40000 ALTER TABLE `user_roles` DISABLE KEYS */;
/*!40000 ALTER TABLE `user_roles` ENABLE KEYS */;
UNLOCK TABLES;

--
-- Table structure for table `users`
--

DROP TABLE IF EXISTS `users`;
/*!40101 SET @saved_cs_client     = @@character_set_client */;
/*!40101 SET character_set_client = utf8 */;
CREATE TABLE `users` (
  `username` varchar(45) NOT NULL,
  `password` varchar(100) DEFAULT NULL,
  `enabled` tinyint(4) NOT NULL DEFAULT '1',
  PRIMARY KEY (`username`)
) ENGINE=InnoDB DEFAULT CHARSET=utf8;
/*!40101 SET character_set_client = @saved_cs_client */;

--
-- Dumping data for table `users`
--

LOCK TABLES `users` WRITE;
/*!40000 ALTER TABLE `users` DISABLE KEYS */;
INSERT INTO `users` VALUES ('admin','$2a$10$F3jTGzG.TvJRj9GlErLJ3eukneWjE5uUMOL8m4lBaBKpvqltebBhG',1),('alex','123456',1),('mkyong','$2a$10$Fgkk1Im2TiNruAZROUDCTeyN.Co6wCPBvkdk2W.KtsKds/WYalR86',1);
/*!40000 ALTER TABLE `users` ENABLE KEYS */;
UNLOCK TABLES;
/*!40103 SET TIME_ZONE=@OLD_TIME_ZONE */;

/*!40101 SET SQL_MODE=@OLD_SQL_MODE */;
/*!40014 SET FOREIGN_KEY_CHECKS=@OLD_FOREIGN_KEY_CHECKS */;
/*!40014 SET UNIQUE_CHECKS=@OLD_UNIQUE_CHECKS */;
/*!40101 SET CHARACTER_SET_CLIENT=@OLD_CHARACTER_SET_CLIENT */;
/*!40101 SET CHARACTER_SET_RESULTS=@OLD_CHARACTER_SET_RESULTS */;
/*!40101 SET COLLATION_CONNECTION=@OLD_COLLATION_CONNECTION */;
/*!40111 SET SQL_NOTES=@OLD_SQL_NOTES */;

-- Dump completed on 2016-03-14  9:04:18
